1,30.551,-3.7592,12.98,-2.1793,13.687999602936873
1,30.58,-5.5571,13.484,-2.7513,14.841471224241888
1,30.61,-6.17,12.681,-2.4108,14.306942987235253
1,30.64,-4.3313,9.507,-2.6832,10.786230617319472
1,30.67,-4.018,9.003,-4.0997,10.677353281127305
1,30.7,-5.5571,10.147,-5.1349,12.657415511074921
1,30.73,-6.1292,10.038,-5.8976,13.157135797733487
1,30.76,-5.2847,8.0769,-3.5685,10.29070259749061
1,30.79,-2.3427,6.4697,-0.42223,6.8937319031784225
1,30.82,-0.88532,6.4424,3.7184,7.490981766257344
1,30.85,-1.9205,5.2847,2.0294,5.977862385502028
1,30.88,-2.3699,3.0646,0.0,3.874041709894203
1,30.91,-2.1384,3.8682,-1.5255,4.675775449056552
1,30.94,-2.9829,6.8238,-3.337,8.16072961505281
1,30.97,-4.4811,8.4991,-3.5277,10.23521496159216
1,31.0,-7.0826,10.079,0.34051,12.323368485122078
1,31.03,-7.8589,11.073,0.84446,13.604659161537272
1,31.06,-6.4016,12.953,-0.19068,14.449811432070662
1,31.09,-6.3607,13.443,-2.2201,15.036675081280436
1,31.12,-6.7012,11.223,-3.5958,13.556975624378765
1,31.15,-3.337,9.0848,-3.4459,10.273431113800296
1,31.18,-0.72188,9.616,-3.1054,10.130749029287024
1,31.21,0.38137,12.49,-2.3699,12.718567886633306
1,31.241,0.88532,12.762,0.19068,12.794092166496222
1,31.27,-1.6072,9.4253,-0.8036,9.595058357821488
1,31.3,-3.5958,5.9793,-1.9886,7.255090357121681
1,31.33,-4.8625,3.909,-1.4165,6.3977073627980205
1,31.36,-5.1757,2.9556,-0.91256,6.0296108998508355
1,31.39,-4.3994,3.7592,-0.34051,5.796744953859881
1,31.42,-2.7922,6.0202,0.69464,6.672459337425744
1,31.45,-1.757,8.1177,1.6481,8.467605086445635
1,31.48,-2.0294,8.7715,0.72188,9.032097615969393
1,31.51,-4.018,9.3844,-0.69464,10.231999417982783
1,31.54,-6.17,11.032,-1.076,12.685885857913117
1,31.57,-6.5105,13.212,-2.1384,14.883423961239563
1,31.6,-6.279,13.947,-4.2495,15.874599215413282
1,31.63,-4.8625,11.645,-3.909,13.210988314656856
1,31.66,-3.7184,10.038,-3.6366,11.305432416320926
1,31.69,-5.2438,11.496,-4.522,13.420280862932788
1,31.72,-7.2052,11.836,-3.1735,14.215375664751178
1,31.75,-7.3141,9.507,-1.9477,12.152063326859352
1,31.78,-3.4051,6.3607,-2.1112,7.517338354763606
1,31.81,-1.0351,4.3721,-1.1169,4.629703665462833
1,31.84,-0.88532,4.0997,-0.8036,4.270492307966378
1,31.87,-1.9886,4.2495,0.42223,4.710738623920882
1,31.9,-2.5606,3.7592,0.95342,4.647285949497835
1,31.93,-2.4517,5.3664,-0.76274,5.949021277285869
1,31.96,-2.7241,8.0769,-1.8796,8.728684355617403
1,31.99,-4.0589,10.379,-2.5334,11.428754340259482
1,32.02,-7.5048,11.564,-2.2201,13.963415164278402
1,32.05,-8.8124,11.346,-1.3076,14.425669049302359
1,32.08,-8.0496,12.49,-0.10896,14.859610776921446
1,32.11,-7.3958,12.49,-0.84446,14.539981785807024
1,32.14,-4.7535,10.379,-2.3018,11.645500697265016
1,32.17,-0.99429,9.8066,-3.4459,10.441850553139515
1,32.2,1.185,11.496,-4.2087,12.299406355186417
1,32.23,1.1441,11.686,-3.2553,12.184766674007344
1,32.26,-0.84446,10.188,0.31327,10.227736542583605
1,32.29,-3.1735,6.9736,0.92618,7.717513109959711
1,32.32,-3.909,4.1814,-0.50395,5.746159810038352
1,32.352,-4.3721,3.0237,-0.69464,5.361020875691494
1,32.38,-4.6309,3.5277,-0.53119,5.845687719687051
1,32.41,-4.018,5.2847,-0.14982,6.640393371058676
1,32.44,-2.7922,7.3141,0.69464,7.8597051076742055
1,32.47,-2.6015,8.431,0.88532,8.867545023984936
1,32.5,-4.6309,9.8066,0.081722,10.845336179910884
1,32.53,-6.2381,11.727,-0.76274,13.304818409794251
1,32.56,-5.5162,13.212,-1.6889,14.416580372959462
1,32.59,-5.4073,13.906,-3.2553,15.271303394929983
1,32.62,-5.5162,12.531,-3.1463,14.0482606442933
1,32.65,-3.7865,9.507,-2.7241,10.589681395585044
1,32.68,-3.9499,9.3844,-3.9499,10.921098084899704
1,32.71,-5.8567,10.651,-5.1757,13.211078925659326
1,32.74,-7.5865,10.501,-4.1406,13.600387921305773
1,32.77,-6.2381,8.7306,-3.1735,11.189654606823215
1,32.8,-2.3018,6.7012,-1.4165,7.225706673398803
1,32.83,-1.0351,6.2109,2.2201,6.676492704257228
1,32.86,-2.3427,5.4345,1.6889,6.154219426539811
1,32.89,-2.7513,3.6775,-0.61292,4.6335007139742626
1,32.92,-2.1793,3.9499,-1.6481,4.802842086723235
1,32.95,-2.261,6.2109,-2.5606,7.088305310157005
1,32.98,-3.2144,8.1177,-2.8739,9.191774685010506
1,33.01,-5.2438,9.6977,-1.5663,11.135354481111053
1,33.04,-7.7364,10.842,-0.57205,13.331469917548478
1,33.07,-7.7364,12.572,0.19068,14.762907160258102
1,33.1,-6.7829,13.525,-1.4574,15.200571442218873
1,33.13,-6.4288,11.877,-2.833,13.799220537407177
1,33.16,-3.6775,9.616,-3.4868,10.869647486924311
1,33.19,-0.88532,8.9622,-3.5277,9.67209840894932
1,33.22,0.19068,11.223,-3.1054,11.646269661243467
1,33.25,0.081722,12.34,-1.3076,12.409355190552166
1,33.28,-2.7513,10.379,1.4982,10.841489562324911
1,33.31,-4.0589,6.5514,-0.69464,7.738089938712267
1,33.34,-4.1814,3.7865,-1.4982,5.836633571674686
1,33.37,-4.4402,3.0237,-1.185,5.5011237697401425
1,33.4,-3.909,4.018,-0.57205,5.6348776563914855
1,33.43,-2.6423,6.17,0.10896,6.712862397785314
1,33.46,-1.8387,8.0496,-0.040861,8.257030184716596
1,33.49,-2.2201,9.0439,0.10896,9.313046950466857
1,33.52,-4.4402,9.6977,0.38137,10.672684967097078
1,33.55,-6.3198,10.651,0.10896,12.385295528230241
1,33.58,-6.0883,12.299,-0.69464,13.741008791919173
1,33.61,-5.3664,13.825,-2.1793,14.989270244077927
1,33.64,-4.2495,13.716,-4.0589,14.921848929003403
1,33.67,-3.8273,11.114,-4.9033,12.736230689650688
1,33.7,-3.8682,9.6977,-4.2495,11.272382480203552
1,33.73,-5.4345,10.311,-3.4868,12.165865587371908
1,33.76,-6.5514,9.8475,-2.7922,12.152797169787704
1,33.79,-6.0474,8.1586,-1.6889,10.294959151448829
1,33.82,-3.5277,6.6604,-1.5255,7.689781901978755
1,33.85,-1.8387,6.0202,-0.95342,6.36652459560159
1,33.88,-1.9205,5.8976,0.50395,6.222858797409756
1,33.91,-2.3427,5.094,1.6481,5.844083580853375
1,33.94,-2.0703,4.522,0.27241,4.980846644708106
1,33.97,-1.4982,6.0202,-1.2258,6.323764457979124
1,34.0,-2.1793,7.5865,-2.2201,8.199583815657963
1,34.03,-4.2087,8.54,-2.1384,9.757946005691975
1,34.06,-7.1234,9.8884,-1.3757,12.26441325991586
1,34.09,-8.8124,11.496,-0.19068,14.486295890337184
1,34.12,-7.0145,13.021,0.65378,14.80463034116016
1,34.15,-5.3664,12.871,-1.5663,14.032611504990795
1,34.18,-3.5958,10.501,-3.2553,11.567098025434037
1,34.21,-1.4165,9.507,-4.0589,10.433800384327851
1,34.24,-0.38137,11.346,-3.909,12.00655821111529
1,34.27,0.19068,11.754,-2.3427,11.986705892462698
1,34.3,-0.10896,10.569,-0.34051,10.575045169723863
1,34.33,-1.6481,7.9679,0.27241,8.141122233949076
1,34.36,-3.3642,5.8567,-1.3757,6.8928460754611365
1,34.39,-4.6718,5.094,-1.4165,7.0555668439892205
1,34.42,-5.9793,4.6718,-0.42223,7.599738278579072
1,34.45,-5.598,5.2438,1.2667,7.774289120556297
1,34.48,-3.4051,6.8919,2.1793,7.990140180872923
1,34.51,-2.1112,7.9679,0.99429,8.302602510905842
1,34.54,-2.1384,9.003,-0.53119,9.26870683407885
1,34.57,-3.1463,10.692,-0.69464,11.166941945743249
1,34.6,-3.8682,13.144,-0.88532,13.729948970859287
1,34.63,-4.4402,15.091,-2.0703,15.866310192669244
1,34.66,-4.8216,14.519,-3.5685,15.709340527533293
1,34.69,-4.4811,10.651,-3.9499,12.21170619610544
1,34.72,-4.8625,9.003,-4.018,10.992826717910186
1,34.75,-7.2052,9.3436,-3.3642,12.269295401122267
1,34.78,-8.9213,9.1937,-0.8036,12.835867183014944
1,34.81,-6.4288,8.3901,-0.76274,10.597406275008995
1,34.84,-1.757,6.8919,-0.99429,7.181500345617202
1,34.87,-0.081722,5.6661,-0.95342,5.746335997110158
1,34.9,-0.38137,5.2847,-0.65378,5.338625802142346
1,34.93,-1.6072,4.3994,0.040861,4.683960057613749
1,34.96,-2.261,4.4402,0.34051,4.994341207817103
1,34.99,-2.6423,6.7012,-0.61292,7.229350016177111
1,35.02,-3.4868,8.4719,-1.4982,9.28307422624639
1,35.05,-5.1757,8.8941,-2.0294,10.488629541555943
1,35.08,-7.0826,9.4253,-2.0294,11.963192183108987
1,35.11,-7.8181,10.992,-0.34051,13.49306113045146
1,35.14,-7.9679,12.871,1.2667,15.190608950927544
1,35.17,-8.0769,12.531,-0.91256,14.936366370827947
1,35.2,-5.7069,11.373,-3.1735,13.11430283545412
1,35.231,-1.5255,10.12,-4.7944,11.301673398660926
1,35.26,0.76274,10.76,-4.1406,11.554390536397841
1,35.29,0.69464,11.496,-1.6481,11.634293031362068
1,35.32,-1.4982,10.529,1.3076,10.715141716281686
1,35.35,-3.4868,7.246,-0.29965,8.046867736113226
1,35.38,-4.2495,4.3313,-1.3348,6.212897953451352
1,35.41,-5.0123,3.1054,-1.1441,6.00629879876118
1,35.44,-4.7535,3.5958,-0.84446,6.019854863831852
1,35.47,-3.3642,5.7478,-0.29965,6.666696078455954
1,35.5,-2.0703,8.0088,-0.53119,8.289100213298184
1,35.53,-1.8387,8.7715,-0.65378,8.985958948737746
1,35.56,-4.3313,9.003,0.84446,10.026329407195837
1,35.59,-6.2109,9.2755,0.69464,11.184484958620132
1,35.62,-5.1757,12.068,-1.4574,13.211680788226756
1,35.65,-4.522,14.519,-3.7592,15.664655426788041
1,35.68,-5.8567,13.757,-3.5685,15.371733023312629
1,35.71,-6.1292,11.305,-1.8796,12.99626922620488
1,35.74,-5.203,9.3027,-3.0237,11.079449353645694
1,35.77,-5.6252,8.5808,-4.4402,11.179820200700904
1,35.8,-6.9328,9.3027,-5.598,12.88183011570949
1,35.83,-6.6331,8.3901,-4.522,11.612074647538225
1,35.86,-4.0589,7.4367,-2.4517,8.819864454173885
1,35.89,-1.4574,6.6331,-0.29965,6.797927661611294
1,35.92,-1.1169,6.4424,3.1463,7.256113771158773
1,35.95,-2.5606,4.8625,1.1441,5.613336211202745
1,35.98,-3.1735,4.1406,-0.88532,5.291451796284267
1,36.01,-2.9148,5.5162,-2.4517,6.703383799992359
1,36.04,-3.2144,6.9328,-3.6775,8.48057129266655
1,36.07,-4.7535,7.9679,-1.9477,9.480333746762295
1,36.1,-6.7421,9.2755,0.8036,11.495067882357196
1,36.13,-7.4367,10.12,-0.19068,12.560066311624313
1,36.16,-6.8919,11.305,-1.3757,13.311418448084336
1,36.19,-6.8238,12.912,-2.6423,14.841352355159554
1,36.22,-7.0145,12.531,-3.3642,14.749475003877258
1,36.25,-3.9499,10.42,-3.337,11.632440801912555
1,36.28,-0.88532,10.229,-3.1054,10.726590402471793
1,36.31,0.19068,11.686,-2.4925,11.950377028043926
1,36.34,0.040861,11.455,-1.9477,11.619476318290813
1,36.37,-2.261,9.0439,-1.1441,9.392188936557869
1,36.4,-3.6775,5.8567,-1.1441,7.009558185078429
1,36.43,-3.7184,3.5685,-0.72188,5.204017827064008
1,36.46,-4.1406,3.337,-0.50395,5.341732206176196
1,36.49,-3.9499,4.6718,-0.34051,6.12726466786771
1,36.52,-2.9829,6.17,-0.57205,6.877051229451472
1,36.55,-2.9148,7.3141,-1.0351,7.941256189042134
1,36.58,-3.6775,8.4719,-0.76274,9.267085203428314
1,36.61,-4.4811,9.616,-0.38137,10.615703287436965
1,36.64,-4.7535,11.918,-0.081722,12.83125733259543
1,36.67,-4.7944,14.097,-0.72188,14.907474336533335
1,36.7,-5.5571,14.41,-3.0237,15.73760534833683
1,36.73,-5.6661,11.264,-5.1349,13.614315378306761
1,36.76,-4.8216,8.1177,-4.5901,10.498280709716234
1,36.79,-5.6252,8.2403,-4.2495,10.844522551961427
1,36.82,-8.0496,9.9973,-4.1814,13.499117504859344
1,36.85,-7.7772,10.311,-3.8273,13.470329844885017
1,36.88,-3.9499,7.9679,-2.9148,9.358696461580534
1,36.91,-1.6072,6.5514,-0.76274,6.7886453808989025
1,36.94,-1.5255,6.2381,2.1112,6.760044918489818
1,36.97,-2.5606,4.7126,1.185,5.492676589787533
1,37.0,-2.6015,3.1735,-0.29965,4.114449492034141
1,37.03,-2.4517,4.3313,-2.0703,5.390467017800962
1,37.06,-3.1735,6.6604,-3.4051,8.125683750922134
1,37.09,-4.6309,8.0088,-2.8739,9.687384242405171
1,37.13,-7.1643,9.2346,-0.72188,11.710087206524125
1,37.16,-9.3436,11.032,0.34051,14.461114480568225
1,37.191,-8.1177,12.449,-0.72188,14.879373811568817
1,37.22,-7.2052,12.64,-3.9499,15.076014627546632
1,37.251,-4.8216,10.569,-5.094,12.68465307211829
1,37.28,-1.0351,9.6568,-3.2961,10.256192932077672
1,37.31,0.99429,11.346,-1.6072,11.502322393503846
1,37.34,-0.10896,12.449,0.27241,12.452456805373789
1,37.37,-4.3313,10.311,-0.72188,11.207050969117612
1,37.4,-5.3256,7.0553,-2.4517,9.173336707000349
1,37.43,-5.094,4.5628,-1.6889,7.044172275718419
1,37.46,-3.9499,3.6775,-0.69464,5.441345512793688
1,37.49,-2.6832,4.1406,-0.040861,4.934146351834428
1,37.52,-1.9477,5.598,-0.19068,5.930219064452847
1,37.55,-2.0294,6.7829,-0.42223,7.092564764801235
1,37.58,-3.3642,7.3141,0.0,8.050708071343788
1,37.61,-5.0531,7.927,0.8036,9.43487793084786
1,37.64,-5.5571,9.7658,0.38137,11.242671085062481
1,37.67,-4.522,12.681,-0.38137,13.468544393396785
1,37.7,-4.2495,14.438,-2.6423,15.280570785805091
1,37.73,-6.279,13.484,-5.0531,15.709166642759888
1,37.76,-6.5105,10.61,-3.1735,12.84639297624045
1,37.79,-4.7126,8.8532,-2.3699,10.305540985799823
1,37.82,-5.5571,8.8532,-3.2961,10.960145339364802
1,37.85,-7.1234,10.12,-3.5277,12.868639976703054
1,37.88,-5.9793,9.4661,-3.7865,11.81933415848795
1,37.91,-3.2961,7.7364,-3.5958,9.145815316853932
1,37.94,-2.261,6.8919,-1.7298,7.456716076799491
1,37.97,-2.261,6.2109,1.6889,6.822007257398661
1,38.0,-2.3427,4.8625,3.2553,6.303104602495503
1,38.03,-2.0294,3.1054,0.69464,3.7741884226413496
1,38.06,-2.4925,4.3721,-1.4165,5.228220243065511
1,38.09,-4.0997,6.8238,-3.1054,8.544898810986588
1,38.12,-5.4345,7.5865,-3.4459,9.948014842670874
1,38.15,-7.6546,9.112,-2.1793,12.098379794418754
1,38.18,-9.003,10.842,-0.69464,14.10976604092357
1,38.21,-7.8589,12.531,0.34051,14.795412034482178
1,38.24,-7.5865,13.144,-0.10896,15.176679166787443
1,38.27,-6.9736,10.992,-2.6423,13.282955629301787
1,38.3,-3.2144,9.112,-4.1814,10.528296031172374
1,38.33,-0.081722,9.9973,-4.4402,10.939289822254642
1,38.36,0.84446,12.149,-4.0589,12.836899271303798
1,38.39,-0.29965,12.149,-1.4982,12.244696581071333
1,38.42,-4.1406,9.7658,0.84446,10.640889562982975
1,38.45,-5.4754,6.1292,-0.61292,8.241527087039149
1,38.48,-5.203,3.9499,-0.61292,6.561142426163297
1,38.51,-3.6366,3.8273,-0.42223,5.296353747900531
1,38.54,-2.0703,4.4402,-0.61292,4.937326103914953
1,38.57,-1.8387,5.9385,-1.4165,6.375976175457371
1,38.6,-2.4108,6.8238,-1.7298,7.440995304393089
1,38.63,-4.0589,7.5457,-0.99429,8.625593910224385
1,38.66,-5.598,8.8532,0.14982,10.475647964321825
1,38.69,-5.5571,10.992,0.65378,12.334214717540798
1,38.72,-4.7535,13.375,-0.34051,14.198673681372497
1,38.75,-5.6661,14.206,-3.1054,15.606365187640586
1,38.78,-7.1643,12.217,-4.3313,14.810214150376085
1,38.81,-5.8976,9.4253,-3.337,11.608339022013443
1,38.841,-5.094,8.3901,-3.6366,10.467448283607615
1,38.87,-6.1292,8.7306,-4.522,11.586153503212358
1,38.9,-6.851,8.8124,-4.6309,12.084694020536887
1,38.93,-5.203,7.6683,-3.6775,9.96985657569857
1,38.96,-2.7513,6.9328,-1.7979,7.672405876907192
1,38.99,-2.3427,6.6331,1.3757,7.1679013239580796
1,39.02,-3.4868,5.5571,2.2201,6.925891903574586
1,39.05,-3.6775,4.0589,-0.19068,5.480422823323033
1,39.08,-3.2553,4.8625,-1.9205,6.158669059951184
1,39.11,-3.1735,6.2381,-3.5277,7.83770764637212
1,39.14,-4.2904,7.355,-3.4051,9.17051051850441
1,39.17,-5.8159,8.431,-1.3757,10.334360372079153
1,39.2,-7.6274,9.7658,0.42223,12.398643416636354
1,39.23,-7.7772,11.073,-0.14982,13.532132680121046
1,39.26,-6.7421,12.449,-2.1384,14.318039948610284
1,39.29,-7.246,12.64,-3.7865,15.053627411690513
1,39.32,-5.598,11.346,-3.909,13.241963638373276
1,39.35,-1.6889,10.311,-3.4459,11.001969415518296
1,39.38,0.42223,10.951,-2.7922,11.30924665983106
1,39.41,0.72188,11.182,-2.3018,11.439253383608564
1,39.44,-1.757,9.8066,-0.91256,10.004459921135172
1,39.47,-3.9499,6.9328,-0.91256,8.031076615473172
1,39.5,-4.2087,4.2904,-0.76274,6.0582555374959215
1,39.53,-4.1814,3.909,-0.57205,5.75253232607171
2,70.83,2.6423,8.6898,-0.38137,9.090644443981956
2,70.86,1.1169,8.8941,0.19068,8.965982337836719
2,70.89,0.0,8.9213,0.19068,8.923337523169232
2,70.92,-0.081722,8.4991,-0.081722,8.499885751030305
2,70.95,-0.10896,8.2812,-0.23155,8.285153053752236
2,70.98,-0.84446,7.8862,-0.040861,7.931389080918991
2,71.01,-1.4574,7.8181,0.57205,7.973327007749024
2,71.04,-1.185,8.0496,1.2258,8.22817542350672
2,71.07,-0.84446,8.0496,2.152,8.374979214995102
2,71.1,-0.95342,8.3084,2.3427,8.684858291670626
2,71.13,-0.99429,8.8124,1.6889,9.027701234206857
2,71.16,-0.8036,9.507,0.88532,9.581889869039406
2,71.19,-0.91256,10.311,0.61292,10.369433816752002
2,71.221,-1.185,10.379,1.0351,10.497585341877434
2,71.25,-1.3757,9.8066,1.9205,10.087134097453053
2,71.28,-1.0351,9.3844,2.1793,9.689568817032056
2,71.31,-0.84446,10.338,1.076,10.428093435120342
2,71.34,-1.4982,12.177,-0.29965,12.2724782486057
2,71.37,-2.6015,10.883,-1.3076,11.265758252776418
2,71.4,-1.9886,9.3436,-2.1384,9.789287281513399
2,71.43,-0.91256,9.4661,-2.261,9.775067056731633
2,71.46,-0.95342,9.9156,-1.7979,10.122281238258498
2,71.49,-1.3757,9.9973,-1.185,10.160845574065181
2,71.52,-1.2667,9.1529,-0.23155,9.243036443858696
2,71.55,-1.3348,8.4991,0.10896,8.603967929484629
2,71.59,-1.3076,8.4719,-0.76274,8.606083875817154
2,71.631,-1.7979,8.7306,-1.1169,8.983500786441777
2,71.66,-2.0703,9.003,-0.8036,9.27285954007716
2,71.69,-1.7979,9.4253,-0.53119,9.60993690489693
2,71.72,-1.9886,9.6568,-0.27241,9.863190326060835
2,71.75,-1.9477,8.8941,-0.081722,9.1052308364634
2,71.78,-1.5255,8.0769,-0.040861,8.219801304248236
2,71.82,-1.1169,7.0145,0.040861,7.102981450160278
2,71.85,-0.99429,6.4016,0.46309,6.494886258603764
2,71.88,-1.3757,6.8919,0.76274,7.069130668448561
2,71.91,-1.7979,7.9679,0.88532,8.216061484823491
2,71.94,-2.5606,9.112,0.88532,9.506261508206052
2,71.97,-3.5958,9.8475,0.99429,10.530510267508408
2,72.0,-4.0589,10.733,1.2258,11.540127549121804
2,72.03,-3.5958,11.414,1.2667,12.033856511110642
2,72.06,-3.2144,11.959,0.95342,12.420107006640482
2,72.09,-2.2201,12.83,0.84446,13.048021179535233
2,72.12,-1.7298,12.64,0.8036,12.783097472834978
2,72.15,-1.9886,11.754,0.53119,11.932862555820375
2,72.18,-1.9886,11.305,0.69464,11.499568674067735
2,72.21,-1.5663,10.27,0.99429,10.436225768643567
2,72.24,-1.2258,8.9622,1.3757,9.149653816948486
2,72.27,-0.88532,7.6274,1.185,7.769507530236392
2,72.3,-0.65378,6.5514,0.69464,6.620482986761616
2,72.33,-0.42223,5.9385,0.69464,5.99387897379485
2,72.36,-0.29965,5.9793,0.69464,6.026968005730576
2,72.39,-0.53119,5.9793,0.50395,6.023965214756805
2,72.42,-0.61292,5.5571,-0.040861,5.590948126903075
2,72.45,-0.27241,5.8567,0.040861,5.863174201694932
2,72.48,-0.27241,6.279,0.57205,6.310886578809668
2,72.51,-0.57205,6.4424,1.1441,6.568159846753122
2,72.54,-0.61292,7.464,1.0351,7.560317383311365
2,72.57,-0.57205,10.801,0.0,10.816138044722802
2,72.6,-1.2258,15.827,-1.185,15.91856587887238
2,72.63,-2.3427,18.428,-2.5606,18.75196255462345
2,72.671,-3.1735,18.96,-3.1054,19.472961033443273
2,72.7,-2.6832,15.936,-2.1793,16.306593964712555
2,72.741,-3.1054,12.572,0.14982,12.950719639942793
2,72.781,-2.0294,7.4367,0.65378,7.736303997284491
2,72.82,-1.5255,5.2847,-0.46309,5.51993267061293
2,72.851,-1.185,5.1757,-1.4165,5.495322350872604
2,72.88,-0.8036,5.2438,-1.5663,5.5314109492967525
2,72.91,-0.88532,6.6331,-1.9205,6.962049077850572
2,72.94,-1.4574,8.3901,-2.3699,8.83935624239684
2,72.981,-1.7979,8.431,-1.2258,8.707283792894314
2,73.02,-1.7298,8.3084,0.65378,8.511706461597463
2,73.05,-2.3699,8.431,0.69464,8.785255359953972
2,73.08,-3.1463,8.6625,0.040861,9.216277966799884
2,73.11,-4.5901,9.5751,0.10896,10.61901268016947
2,73.14,-5.4345,10.079,0.61292,11.467157545634402
2,73.17,-4.3994,9.8884,1.1169,10.880378694236704
2,73.201,-3.8273,10.12,2.0703,11.015841655543165
2,73.23,-3.7592,11.182,1.3076,11.869226023629341
2,73.26,-2.4925,13.144,0.27241,13.38101264695987
2,73.29,-1.6889,14.478,0.88532,14.603035941625288
2,73.321,-1.6481,14.138,1.4574,14.308154750700734
2,73.351,-1.185,12.49,1.3757,12.621286602006943
2,73.381,-1.0351,10.651,0.65378,10.721131530692084
2,73.41,-0.57205,9.003,-0.27241,9.0252677196081
2,73.44,-0.23155,7.6955,-0.14982,7.700440356557539
2,73.47,-0.14982,6.4697,0.38137,6.482662045741702
2,73.5,0.19068,5.6661,0.88532,5.7380170420451
2,73.53,0.46309,5.8295,1.3076,5.9922733881307515
2,73.57,0.61292,7.246,1.3757,7.400860586202121
2,73.6,0.27241,9.112,1.2667,9.203655800718538
2,73.64,-0.14982,9.1529,0.46309,9.165832029363182
2,73.671,-0.72188,8.8532,-0.42223,8.892611491980293
2,73.7,-1.0351,8.0088,0.0,8.075413887225844
2,73.731,-0.95342,7.2733,0.69464,7.368339522307587
2,73.76,-0.84446,7.0826,1.5391,7.296928412804939
2,73.791,-0.76274,6.7829,1.9477,7.098101155069572
2,73.82,-1.0351,6.7012,1.9205,7.047399073417086
2,73.87,-0.88532,6.7421,1.185,6.902458178967837
2,73.9,-1.4165,12.177,-0.65378,12.276531657532594
2,73.93,-1.8796,17.734,-2.1793,17.9659956765552
2,73.96,-3.2553,19.041,-3.2553,19.589630858696648
2,74.0,-2.9556,16.862,-3.7592,17.52695638152842
2,74.031,-2.1112,14.138,-2.1384,14.453821778339456
2,74.07,-1.8387,10.651,-0.65378,10.828298434121585
2,74.1,-2.3018,7.0145,-0.081722,7.382964985375726
2,74.13,-1.3757,5.4345,-0.53119,5.631030416904174
2,74.161,-0.8036,4.6309,-1.3348,4.885969587502566
2,74.19,-0.65378,4.7944,-1.8387,5.176342080890714
2,74.231,-0.95342,5.0531,-1.9205,5.489184780675542
2,74.28,-2.1384,5.7069,-0.29965,6.101741742527293
2,74.31,-2.9829,7.1643,0.50395,7.7768150616110185
2,74.351,-3.7184,8.8941,0.61292,9.65956439475404
2,74.392,-4.9442,11.455,1.2258,12.536535577263761
2,74.43,-4.9442,12.83,1.9886,13.892751476939333
2,74.468,-2.7922,11.305,2.3018,11.870033238369638
2,74.511,-0.65378,10.801,1.5391,10.929677858857506
2,74.54,0.65378,13.866,0.0,13.881404262119881
2,74.581,-0.23155,17.625,0.27241,17.628625800402027
2,74.62,-0.72188,15.132,0.92618,15.177494659093114
2,74.66,-0.72188,10.61,0.040861,10.634607672863206
2,74.711,-1.8796,7.1643,-1.1169,7.490497731125749
2,74.751,-2.0294,4.7535,0.14982,5.170751651587997
2,74.79,-2.1112,3.9908,0.69464,4.567950832660089
2,74.821,-1.6889,4.7126,0.95342,5.096076104847729
2,74.85,-1.6072,7.6683,1.3348,7.947805217165302
2,74.891,-2.3018,9.8884,1.3076,10.23662813430282
2,74.932,-2.6015,9.9973,1.7298,10.47406404314963
2,74.97,-2.7241,11.114,2.152,11.643574228302922
2,75.0,-2.4925,14.901,1.1169,15.149251561050797
2,75.03,-3.0646,15.282,-1.4574,15.654242617258747
2,75.06,-3.5958,13.988,-3.8273,14.941290002205298
2,75.09,-2.4108,13.212,-5.4345,14.488018873883345
2,75.12,-1.6481,11.264,-4.6718,12.305268987307834
2,75.15,-0.88532,9.5342,-3.1735,10.08741113430002
2,75.18,-0.50395,8.0496,-1.9886,8.306898080661638
2,75.21,-0.69464,6.9736,-0.91256,7.067275814852566
2,75.24,-0.14982,4.7126,0.27241,4.72284363498306
2,75.27,-0.27241,2.9148,0.92618,3.0705171617335085
2,75.3,-1.5255,3.7592,0.10896,4.058399582544824
2,75.33,-2.5606,8.431,-3.9499,9.656093587471075
2,75.36,-2.7241,11.727,-6.0474,13.472724170337639
2,75.39,-1.4982,10.311,-2.0703,10.6229688096125
2,75.42,-1.2258,11.727,0.69464,11.81133520689342
2,75.45,-2.5334,11.305,1.7298,11.71381016578295
2,75.48,-2.4925,10.992,1.5663,11.379363599955845
2,75.51,-1.4165,10.501,1.8796,10.761522634367314
2,75.54,-1.7979,10.311,0.72188,10.491438230500144
2,75.57,-2.3699,11.305,-0.61292,11.566984133143782
2,75.6,-1.9477,12.449,-0.95342,12.636460975542162
2,75.63,-1.9477,11.959,-1.2258,12.178415411292224
2,75.66,-1.2667,12.258,-1.5663,12.422414764448979
2,75.69,-0.29965,11.727,-1.1169,11.783878170301152
2,75.72,-0.57205,10.992,-1.4982,11.108371097622731
2,75.75,-0.91256,8.8124,-1.1441,8.933091532252426
2,75.78,-1.3076,6.6604,0.0,6.787543437798391
2,75.81,-1.4165,5.8567,1.185,6.140979737794288
2,75.84,-1.9205,5.9385,1.6889,6.465793509693919
2,75.87,-2.3018,6.3607,1.3348,6.894815354307902
2,75.9,-2.3699,7.0145,1.076,7.481805414470494
2,75.93,-2.7922,7.5457,1.1441,8.126680388695005
2,75.96,-2.9829,8.0769,0.88532,8.655506774441344
2,75.99,-3.1054,8.1586,0.72188,8.7594162964435
2,76.031,-3.2144,8.1586,0.53119,8.785060280732283
2,76.071,-3.337,9.616,0.31327,10.183376802068162
2,76.101,-3.5277,10.651,0.88532,11.254877155811164
2,76.131,-4.3994,10.147,1.8387,11.211473901766887
2,76.16,-5.0531,10.147,2.3427,11.575131614802485
2,76.201,-4.1814,11.114,1.8796,12.022395689711765
2,76.23,-2.3018,12.64,-0.84446,12.875596915545314
2,76.26,-1.4574,11.564,-2.3699,11.893970605731292
2,76.29,-1.5663,9.9156,-2.3427,10.308281250528625
2,76.331,-0.8036,10.61,-1.8387,10.798087360731992
2,76.372,0.14982,9.9156,-1.2667,9.997304550847693
2,76.41,-0.88532,10.079,-1.2667,10.19679172055603
2,76.441,-0.23155,8.3901,-0.91256,8.442757793878728
2,76.47,-0.50395,7.246,-0.38137,7.273508416122168
2,76.5,-0.91256,7.0826,0.42223,7.153619132054767
2,76.53,-0.95342,6.8919,1.0351,7.034111693483407
2,76.561,-1.076,7.7364,0.69464,7.841695332617813
2,76.59,-1.3076,8.4719,0.27241,8.576544442728668
2,76.621,-1.9205,8.6898,0.34051,8.90600310746072
2,76.65,-2.8739,9.3436,0.10896,9.776197341072857
2,76.68,-3.1735,9.3436,-0.65378,9.889458604918673
2,76.71,-2.9556,9.616,-1.076,10.117351598120923
2,76.74,-3.1463,10.501,-0.72188,10.985959922755953
2,76.77,-3.5685,11.073,-0.10896,11.634319641973054
2,76.8,-3.4868,11.073,0.88532,11.642718528866014
2,76.83,-2.9556,11.986,1.9886,12.504171196844675
2,76.861,-2.3699,11.564,2.5606,12.078873886666754
2,76.89,0.0,11.264,1.7979,11.406583204886553
2,76.92,-0.19068,11.373,0.14982,11.375584991322423
2,76.95,-0.76274,11.114,-1.3757,11.224763641057216
2,76.98,-0.76274,11.182,-1.8796,11.364497017800657
2,77.01,-1.4574,10.46,-2.1112,10.769994438252976
2,77.04,-1.5663,8.3493,-1.8796,8.700402424026143
2,77.07,-1.8387,6.4424,-0.84446,6.752662300278313
2,77.101,-2.3018,6.2109,-0.10896,6.624608239858413
2,77.13,-2.8739,7.2052,-0.081722,7.757634093928638
2,77.161,-3.5958,7.6955,-0.10896,8.494843740269742
2,77.19,-3.7184,7.5048,-0.27241,8.379900286286228
2,77.22,-3.1463,7.8589,-0.040861,8.465410948165541
2,77.25,-2.2201,7.4367,0.84446,7.806821606236433
2,77.28,-1.0351,7.0145,2.261,7.442228379994798
2,77.31,-0.50395,8.4991,4.6309,9.691950331202694
2,77.34,-1.6072,10.76,3.6775,11.484106325265367
2,77.37,-4.7944,11.918,0.61292,12.86081903637556
2,77.4,-6.0883,11.605,-0.14982,13.105947807098882
2,77.44,-4.6718,9.3027,-0.53119,10.423440187677961
2,77.48,-4.018,7.246,1.3757,8.398892218024947
2,77.52,-3.8273,10.188,2.7649,11.228902052293448
2,77.55,-1.9477,12.027,0.57205,12.197110538668573
2,77.58,-1.2258,11.686,-1.0351,11.795618408968645
2,77.61,-0.61292,10.501,-2.1384,10.734031231853203
2,77.65,-0.27241,9.8066,-2.7513,10.188879352416535
2,77.68,-0.8036,10.883,-1.4165,11.004178034274073
2,77.72,-0.99429,9.9565,0.65378,10.027359230749639
2,77.751,-0.081722,8.3493,1.8387,8.549754772230838
2,77.78,-0.69464,7.7772,1.1169,7.8876378073286295
2,77.811,-1.0351,7.5048,-0.34051,7.583495375491436
2,77.84,-1.2667,7.7772,-1.6072,8.041918960671016
2,77.871,-1.1441,8.0088,-1.0351,8.156057519414635
2,77.9,-1.5255,8.3901,0.10896,8.528352744909183
2,77.931,-1.8796,8.7715,0.53119,8.986338032040639
2,77.96,-2.0294,9.3436,0.27241,9.565329713507005
2,77.991,-2.0703,10.12,-0.23155,10.332190353090674
2,78.02,-2.0294,11.032,-0.42223,11.22505084767548
2,78.051,-2.3699,11.223,0.23155,11.472827481161739
2,78.08,-2.1793,11.795,0.76274,12.018866244267802
2,78.111,-1.6889,12.217,0.8036,12.359338379136645
2,78.14,-0.76274,12.79,-0.040861,12.81278821837468
2,78.171,0.69464,12.681,-0.38137,12.705736059217504
2,78.2,1.3757,11.346,-0.50395,11.440202449803936
2,78.231,1.9477,10.379,-0.29965,10.56441983321848
2,78.26,2.0703,9.3844,-0.53119,9.624721724086363
2,78.291,1.076,8.2403,-0.61292,8.33282611221427
2,78.32,0.10896,7.355,-0.38137,7.365686686148142
2,78.351,0.0,7.2052,-0.29965,7.211428233193477
2,78.38,-0.69464,7.0553,0.14982,7.090996322943624
2,78.42,-1.4165,7.0553,0.31327,7.202906943234794
2,78.45,-2.0294,7.5048,0.61292,7.798471537833552
2,78.48,-2.3427,8.0496,0.92618,8.434578403358403
2,78.51,-2.1384,8.3084,1.2258,8.666305485038016
2,78.541,-2.2201,8.4991,1.3757,8.891349465069968
2,78.57,-2.1384,8.7715,1.185,9.105832845489752
2,78.6,-2.1112,9.2755,0.92618,9.55771285833593
2,78.63,-2.6015,10.311,0.72188,10.658594371886004
2,78.66,-3.1735,10.992,0.8036,11.469129836652822
2,78.69,-3.4459,10.651,1.5391,11.29986091153338
2,78.72,-3.5685,10.651,1.757,11.369478539053583
2,78.75,-3.0237,11.836,0.8036,12.242525501300783
2,78.78,-2.3699,12.64,-0.69464,12.878996495829945
2,78.81,-1.9205,11.686,-1.4574,11.932096672840025
2,78.84,-0.84446,9.9973,-1.3757,10.126779866848098
2,78.87,0.040861,8.7715,-1.3076,8.868522967852144
2,78.9,-0.081722,9.112,-1.4165,9.22180539456803
2,78.93,-0.29965,10.27,-1.5255,10.387003435664205
2,78.96,-0.42223,10.379,-0.8036,10.41862237212291
2,78.99,-0.46309,9.2346,-0.10896,9.246846045528173
2,79.02,-0.46309,8.0088,0.14982,8.023576248811997
2,79.05,-0.69464,7.355,-0.19068,7.390190024079219
2,79.08,-0.8036,7.3958,-0.8036,7.482606735623623
2,79.11,-0.91256,7.6955,-0.50395,7.765787249603224
2,79.14,-1.1441,7.9679,0.34051,8.056819613228287
2,79.17,-1.5255,8.3084,0.50395,8.462306211222803
2,79.2,-1.8387,8.54,0.040861,8.735793456310708
2,79.23,-2.0294,9.112,-0.23155,9.338127422695623
2,79.26,-2.3699,9.9565,-0.081722,10.234988849299446
2,79.29,-2.7241,10.883,0.23155,11.22114188540988
2,79.33,-3.0646,11.536,0.31327,11.940234807276614
2,79.361,-2.7513,12.572,0.61292,12.884118387239383
2,79.39,-1.6481,12.49,0.65378,12.615219455023365
2,79.42,0.081722,12.068,0.14982,12.069206623373551
2,79.453,1.3076,11.264,-0.53119,11.35207807302698
2,79.491,1.7979,10.61,-0.95342,10.803404746023357
2,79.52,1.0351,9.616,-1.1169,9.735828347911646
2,79.55,-0.10896,8.8532,-1.185,8.932818565357744
2,79.58,-0.88532,8.2812,-0.88532,8.375312319239207
2,79.61,-1.5255,7.8862,-0.29965,8.03797803010807
2,79.64,-1.9205,7.5048,-0.040861,7.746742083696927
2,79.67,-2.3699,7.3141,0.27241,7.693288765417557
2,79.701,-2.9148,7.4367,0.61292,8.011007231078999
2,79.73,-3.1463,7.355,0.42223,8.010836839113626
2,79.76,-2.6832,7.5048,0.31327,7.9761973002741104
2,79.79,-2.3018,7.8589,0.61292,8.211958559101477
2,79.82,-2.1793,8.2812,0.99429,8.620686430563405
2,79.85,-2.1112,8.6898,1.4165,9.054074316571517
2,79.88,-2.6423,9.9973,1.7298,10.484272250375797
2,79.91,-3.1463,11.564,2.1793,12.1809132736425
2,79.94,-3.8682,11.795,2.152,12.598257825588426
2,79.971,-4.2495,11.223,1.185,12.058947062243869
2,80.0,-3.5277,11.686,0.23155,12.209049049475555
2,80.03,-2.7922,12.408,-0.38137,12.724004397865476
2,80.06,-2.5334,11.754,-1.1169,12.075682058169633
2,80.09,-1.5663,10.188,-1.8387,10.470408653916046
2,80.12,-0.50395,9.1937,-1.5255,9.333018565421371
2,80.15,-0.38137,9.3844,-1.1441,9.46157340228886
2,80.18,-0.38137,9.7658,-0.57205,9.789971088792857
2,80.21,-0.34051,9.2755,-0.57205,9.299359575400878
2,80.24,-0.42223,8.2403,-0.76274,8.286289553865469
2,80.27,-0.29965,7.3958,-0.53119,7.420903622780719
3,32.39,-0.57205,9.9156,-2.6832,10.28814496410796
3,32.422,-0.081722,8.0769,-1.5255,8.22010598139002
3,32.46,-0.23155,7.7364,-0.84446,7.785795595448162
3,32.49,-1.2258,7.6683,-0.8036,7.8071238935987175
3,32.52,-1.6072,5.8976,-0.99429,6.193011400288231
3,32.55,-1.3076,4.7944,-0.34051,4.981168154168257
3,32.588,-1.0351,5.0531,-0.040861,5.158189725215717
3,32.62,-1.185,6.2109,-0.57205,6.3487593286011395
3,32.65,-1.7979,7.6683,0.081722,7.876671110645918
3,32.68,-2.1384,9.0848,0.72188,9.360953815418597
3,32.71,-3.1054,9.8884,1.1441,10.427508260845446
3,32.74,-4.0589,10.842,1.185,11.637347559044544
3,32.77,-4.985,12.108,1.4574,13.174896726729967
3,32.8,-6.5514,13.484,0.99429,15.024237437024881
3,32.842,-6.8919,15.241,0.19068,16.727902602310905
3,32.87,-3.7184,14.71,-0.14982,15.173432195531769
3,32.9,-2.1112,13.184,-0.29965,13.355328957479857
3,32.93,-1.757,10.651,-3.5958,11.378076623050136
3,32.97,-2.833,8.0496,-3.5277,9.233992443683285
3,33.0,-4.8216,6.3198,-1.8387,8.158953136892011
3,33.03,-3.6775,5.9385,-1.5663,7.158427494219662
3,33.06,-1.4574,5.0123,-0.040861,5.220041730802638
3,33.09,-0.8036,4.7126,0.31327,4.790877770607386
3,33.12,-1.3076,4.6309,0.081722,4.812663613352173
3,33.15,-2.1793,5.0123,-0.61292,5.499833698067606
3,33.18,-2.6423,5.8976,-1.3757,6.607267630420308
3,33.21,-3.3642,8.0088,-1.1441,8.761716948749259
3,33.24,-4.4811,9.8475,-0.91256,10.857544805967876
3,33.27,-5.8159,10.733,-0.61292,12.22283325323552
3,33.301,-6.6604,11.836,0.23155,13.583277938792977
3,33.33,-6.8919,13.021,0.57205,14.743539867090943
3,33.36,-6.851,14.41,0.99429,15.986647978988591
3,33.39,-4.8216,13.947,1.2667,14.811183762616679
3,33.42,-3.4868,12.572,-1.1169,13.094289742097507
3,33.45,-2.1793,11.141,-1.6889,11.47709077684759
3,33.48,-1.1169,9.7658,-2.5334,10.150686223600847
3,33.51,-1.3076,8.1586,-0.57205,8.282500402807115
3,33.541,-1.5663,7.9679,-0.76274,8.156132564371426
3,33.57,-1.2667,7.4367,-1.757,7.745713961927589
3,33.6,-0.57205,6.6604,-2.0294,6.986174469801051
3,33.63,-1.185,5.4754,-0.69464,5.645064648841499
3,33.66,-1.757,4.7126,0.76274,5.0869853614493525
3,33.69,-1.5255,5.4073,0.69464,5.661145490940858
3,33.72,-1.757,6.7829,-0.38137,7.017137912774695
3,33.75,-1.7979,7.9679,-0.65378,8.19434580112409
3,33.78,-1.7298,9.5342,0.99429,9.740728426770762
3,33.81,-1.9477,10.501,1.4574,10.779079322929206
3,33.84,-4.8216,10.951,1.7979,12.099779831468009
3,33.87,-7.3141,12.49,1.7298,14.576980717899026
3,33.9,-7.5457,13.334,1.3076,15.376701930192961
3,33.93,-7.1643,13.443,0.46309,15.23994408907395
3,33.96,-5.1349,13.947,-0.10896,14.862633659335078
3,33.99,-2.0703,12.953,-1.4165,13.193666031092343
3,34.02,-1.2667,11.727,-2.9148,12.150025388039321
3,34.05,-1.5663,10.569,-3.337,11.193418856185094
3,34.08,-1.6889,9.0439,-4.1406,10.089057378169677
3,34.11,-3.0646,6.851,-2.5606,7.929984017638371
3,34.14,-4.1406,6.0474,-0.69464,7.361938593169601
3,34.17,-2.9829,5.7886,0.57205,6.537034769105944
3,34.2,-1.2667,4.6718,-0.040861,4.840652203094228
3,34.23,-0.95342,4.0997,-1.1441,4.36182468657327
3,34.261,-1.2258,5.2166,-0.72188,5.407089044430468
3,34.3,-2.3018,6.2381,-0.34051,6.65793676074653
3,34.332,-5.094,8.8124,-1.2258,10.25230780848878
3,34.37,-6.5922,10.27,-0.10896,12.204174413765152
3,34.4,-5.9385,11.346,1.6072,12.906610325333295
3,34.43,-5.598,13.212,1.3076,14.408482423905717
3,34.46,-4.9442,15.241,1.076,16.058984109837084
3,34.49,-4.522,14.056,0.69464,14.781818045477355
3,34.52,-4.7944,12.912,-0.53119,13.783619922796044
3,34.55,-3.5277,11.877,-1.2667,12.454409868797477
3,34.584,-1.7298,9.8884,-1.5663,10.16001763236659
3,34.62,-0.27241,8.8941,-1.4982,9.023515127604098
3,34.65,0.14982,7.927,-1.8796,8.1481698063062
3,34.68,-1.2258,6.8919,-1.6889,7.200920389783517
3,34.711,-2.5334,5.3664,-1.076,6.031097787302075
3,34.74,-3.2144,4.3721,0.31327,5.435601518038275
3,34.77,-2.833,5.2847,0.76274,6.044478091415337
3,34.801,-1.7298,6.4016,0.10896,6.632085862049737
3,34.83,-0.84446,6.8238,0.46309,6.891430292740398
3,34.862,-1.0351,8.54,0.84446,8.643850108695776
3,34.896,-2.4108,9.5751,1.4982,9.98694647477396
3,34.93,-5.2438,9.9156,2.0294,11.398904603513444
3,34.962,-6.7829,11.877,2.152,13.845647886971559
3,34.993,-6.9736,13.484,0.8036,15.201813244478435
3,35.03,-6.3607,13.797,0.081722,15.192840154996826
3,35.061,-4.985,13.634,-0.34051,14.520748192159385
3,35.096,-2.6423,12.681,-0.99429,12.991463462370204
3,35.13,-1.1169,10.529,-2.7922,10.950054221326942
3,35.161,-1.4982,8.9213,-3.1054,9.564397842519936
3,35.192,-3.7184,7.7364,-2.7241,9.005504113041091
3,35.226,-4.522,7.5865,-1.4982,8.958128682375579
3,35.26,-3.1054,6.279,-1.757,7.221938739701411
3,35.291,-1.8796,5.0531,0.61292,5.426083919034058
3,35.321,-1.6072,5.1349,0.42223,5.397088847045229
3,35.36,-1.076,5.5162,-0.57205,5.64920168187506
3,35.39,-2.3427,6.5922,-0.76274,7.037550457197447
3,35.42,-3.2961,7.9679,-0.95342,8.675293385033154
3,35.46,-4.5901,8.8532,-1.1441,10.037785266681091
3,35.49,-6.2109,9.9565,-0.040861,11.734941017377166
3,35.52,-6.4697,11.795,0.8036,13.476825147266696
3,35.55,-6.4016,13.797,0.88532,15.235533566711736
3,35.582,-6.0202,14.751,1.2667,15.982469706838177
3,35.61,-4.2495,14.015,0.34051,14.649041685724702
3,35.64,-3.4459,12.449,-0.76274,12.9396136000114
3,35.67,-2.4925,10.311,-1.4574,10.707627748946075
3,35.7,-1.7979,8.9213,-1.6481,9.248690269978772
3,35.73,-1.6889,8.6217,-0.57205,8.804165792538212
3,35.76,-1.8387,9.003,-0.10896,9.189488504351045
3,35.79,-1.0351,7.9679,-1.4574,8.165958436093096
3,35.82,-0.76274,6.4697,-2.7513,7.071664732409194
3,35.85,-1.5663,5.3664,-1.076,5.692918465075712
3,35.88,-1.4165,4.018,-0.29965,4.270899948781286
3,35.91,-1.2667,4.3721,-0.65378,4.5986101800870225
3,35.941,-1.185,6.4424,-0.040861,6.550603970728272
3,35.97,-1.4165,8.4719,0.95342,8.64225500412942
3,36.0,-2.3699,9.9973,1.7979,10.430478306865894
3,36.03,-3.7865,9.9565,2.3699,10.912648647784826
3,36.06,-6.279,9.7658,1.2667,11.679093266602507
3,36.09,-8.3084,11.727,0.040861,14.371976523127257
3,36.12,-7.5457,14.015,1.1169,15.956355445401686
3,36.15,-5.7886,15.05,0.8036,16.144849423887482
3,36.18,-4.3721,14.179,-1.757,14.941430601184079
3,36.21,-1.8387,12.068,-3.7592,12.772980322931684
3,36.24,-1.2667,10.76,-3.337,11.336564642342053
3,36.27,-3.2961,9.2755,-4.9442,11.015638388218814
3,36.3,-5.4754,7.6683,-4.6718,10.517059726463476
3,36.33,-4.4811,6.5922,-3.2961,8.625638136393157
3,36.36,-3.2553,6.279,-0.29965,7.079026007333212
3,36.39,-1.3076,5.598,0.72188,5.793835732431495
3,36.42,-1.6072,5.0531,0.95342,5.387570987597286
3,36.45,-2.1112,4.6309,-0.84446,5.159022479268723
3,36.48,-2.4925,5.5162,-1.757,6.303020521146984
3,36.51,-3.5958,6.4697,-1.7979,7.617036178199497
3,36.54,-4.2495,8.2403,-1.4165,9.379086660757538
3,36.57,-4.985,10.12,-1.185,11.343229258019957
3,36.6,-6.279,11.754,-0.76274,13.347813652714814
3,36.63,-6.4016,11.373,-0.23155,13.052939399326881
3,36.66,-6.8238,12.599,-0.69464,14.345088782213931
3,36.69,-7.3958,13.144,-1.1441,15.125196145835597
3,36.72,-5.7886,12.721,-3.0646,14.308162150325249
3,36.75,-3.4051,11.346,-3.3642,12.314392540844231
3,36.78,-1.7298,9.112,-3.0646,9.767933517382271
3,36.81,-0.95342,7.927,-2.1793,8.276212127924223
3,36.84,-0.8036,9.1529,-1.185,9.264209430383145
3,36.87,-0.69464,9.3436,-1.7298,9.527727626753402
3,36.9,-0.8036,7.7364,-1.4982,7.9210012725664924
3,36.93,-1.4982,5.6252,-0.72188,5.865883481147575
3,36.96,-2.0703,5.0123,-0.95342,5.506205869416799
3,36.99,-2.261,5.2438,-0.91256,5.782933960681205
3,37.02,-1.4574,6.3198,-0.27241,6.4913861391924605
3,37.05,-1.4574,7.8181,-0.23155,7.95614968263544
3,37.08,-2.9556,8.8532,0.65378,9.356396201978622
3,37.11,-3.5277,9.112,2.5606,10.100984291147075
3,37.14,-4.5628,9.0848,2.6832,10.51438524688914
3,37.17,-6.0202,10.188,1.6481,11.947986677679214
3,37.2,-5.7478,12.027,1.3757,13.400689696056691
3,37.23,-6.0883,13.212,0.84446,14.571803374380261
3,37.261,-6.7829,13.988,-0.081722,15.546014116013275
3,37.29,-5.7069,14.179,-0.76274,15.303415335068184
3,37.32,-4.1814,12.83,-1.7298,13.604602677035446
3,37.35,-4.018,10.338,-3.9499,11.773711309948109
3,37.38,-3.9771,9.0848,-4.5628,10.91650398662502
3,37.41,-4.3721,8.3493,-3.337,9.998081711008366
3,37.443,-4.018,7.5457,-1.6072,8.698563348622576
3,37.48,-4.522,5.7886,0.040861,7.345613900915362
3,37.51,-4.2904,5.4754,0.92618,7.017502882963425
3,37.54,-2.4108,4.9442,-0.34051,5.511172047768061
3,37.57,-3.6775,3.2961,-1.3076,5.108629876982673
3,37.6,-4.0589,4.2087,-0.46309,5.865345450022531
3,37.63,-2.261,7.246,-1.8796,7.819816696061361
3,37.66,-2.4108,8.7306,-2.4517,9.38329184721439
3,37.69,-4.1814,9.9565,-0.84446,10.831856299896154
3,37.725,-5.7069,9.9156,1.8387,11.58743494739021
3,37.76,-7.355,11.564,3.7184,14.200303502390364
3,37.798,-7.2052,13.797,0.61292,15.577155933173424
3,37.83,-4.7944,14.751,0.95342,15.539861069404706
3,37.862,-2.4925,12.762,-2.6015,13.260807007870977
3,37.894,-4.3313,10.338,-2.4108,11.465005901873752
3,37.93,-4.2495,8.8124,0.50395,9.796459034390947
3,37.961,-2.4517,7.9679,-0.29965,8.341945421932465
3,37.992,-2.261,7.4367,-1.2258,7.86887625585763
3,38.03,-2.5334,6.7421,-1.076,7.282293867319554
3,38.06,-2.4517,5.2847,-0.65378,5.862279016594144
3,38.092,-2.4517,5.5162,-0.46309,6.054233863842724
3,38.13,-2.6832,5.7069,0.0,6.306208833364147
3,38.16,-2.7241,6.3198,0.69464,6.9168719504990115
3,38.19,-2.6423,7.2052,0.76274,7.712225919771801
3,38.225,-3.3642,7.8181,1.5663,8.654121846842695
3,38.26,-5.2847,9.507,2.3018,11.117975819815404
3,38.29,-7.0417,12.108,2.1112,14.164969760998433
3,38.32,-8.8124,13.675,2.6423,16.481679770278273
3,38.35,-8.3084,14.478,1.9205,16.802687725777684
3,38.38,-6.4288,14.179,-0.91256,15.595072176607584
3,38.41,-4.4811,11.795,-2.0703,12.786259198843108
3,38.443,-3.0237,9.1937,-2.7513,10.061636699364572
3,38.48,-1.4982,8.1177,-2.9829,8.777206214963847
3,38.51,-2.7513,7.8589,-4.6309,9.527706739294613
3,38.54,-4.0589,7.3958,-1.757,8.617399599066994
3,38.57,-4.4402,6.5922,2.9556,8.479861333771915
3,38.6,-2.4108,5.1757,2.6015,6.2743628664590325
3,38.63,-2.3699,4.6309,-1.4165,5.39148709263038
3,38.66,-3.1735,4.522,-0.65378,5.563004092969913
3,38.69,-3.7865,5.6661,-0.8036,6.862072895270059
3,38.72,-5.1757,6.7012,-0.99429,8.525407001082119
3,38.75,-5.7886,8.0088,-0.081722,9.882077002598392
3,38.78,-5.2847,8.9622,-0.29965,10.408596113429514
3,38.81,-4.8625,9.4253,-1.4574,10.705335169904771
3,38.84,-5.7069,10.76,-0.95342,12.21700934379605
3,38.871,-7.1643,12.79,-0.38137,14.664812905963034
3,38.9,-6.7421,13.988,-2.1384,15.674591253681864
3,38.93,-4.3313,13.253,-1.7979,14.058257825918544
3,38.961,-2.7241,11.645,-1.3757,12.038243073638279
3,38.99,-1.1441,11.373,-1.8387,11.577344751712284
3,39.02,-1.0351,10.569,-0.27241,10.62305983312247
3,39.05,-2.6015,9.5342,-0.27241,9.886504897996057
3,39.08,-3.1735,7.9679,-0.84446,8.618099868973438
3,39.11,-3.8273,6.851,-0.34051,7.854958519947766
3,39.14,-2.1384,6.0202,-0.72188,6.4293602585638325
3,39.17,-0.69464,4.7126,0.19068,4.767334931804142
3,39.2,-0.50395,3.6366,1.0351,3.8144799347355334
3,39.23,-1.2258,4.7944,-0.42223,4.966601974479131
3,39.26,-2.3699,5.9793,-0.84446,6.487030691433485
3,39.29,-3.5685,6.7829,0.10896,7.665102539535919
3,39.32,-4.4402,8.3493,1.2258,9.535657930630691
3,39.35,-4.9442,10.46,1.2258,11.634401543697898
3,39.38,-5.6252,12.258,1.0351,13.526746506458972
3,39.41,-6.279,14.369,1.4982,15.752415854084095
3,39.441,-7.5048,15.636,0.99429,17.37225177241281
3,39.47,-7.355,13.021,-0.27241,14.957161268372419
3,39.5,-6.5922,11.959,-2.1384,13.821994660684831
3,39.53,-5.5162,10.692,-3.4459,12.514853305173018
3,39.56,-6.5922,8.9213,-1.1169,11.148729081828119
3,39.59,-6.3607,5.5162,-2.6015,8.812194345337602
3,39.62,-4.2904,4.2087,-5.6252,8.231862662241152
3,39.65,-3.5277,4.985,-3.1735,6.882295731803452
3,39.68,-2.7241,5.3664,2.6423,6.5727253905819
3,39.71,-1.8387,4.2904,4.018,6.1589507101453576
3,39.74,-2.261,3.6775,1.9886,4.752962992702552
3,39.77,-2.9556,4.7944,-1.4574,5.817719267891843
3,39.8,-4.018,7.8862,-2.9556,9.33124031412759
3,39.83,-6.5922,11.373,-2.9556,13.47359644638357
3,39.86,-8.3493,13.184,-0.34051,15.60911956357885
3,39.89,-9.003,14.669,1.7979,17.305086373953756
3,39.921,-7.4367,16.821,0.081722,18.39177061555749
3,39.95,-3.7592,15.827,-1.7298,16.35902569470444
3,39.98,-2.1112,12.83,-2.5334,13.24704423635703
3,40.01,0.040861,11.264,-1.8796,11.419818815608284
3,40.04,-0.99429,8.1177,-0.61292,8.201300922445169
3,40.07,-2.4925,6.4016,0.76274,6.911932516858075
3,40.1,-3.0237,4.7126,-0.61292,5.632675330284891
3,40.13,-2.6832,2.6015,-0.72188,3.806372974946097
3,40.16,-1.9477,1.757,0.040861,2.6234050223556786
3,40.19,-2.0294,2.9148,0.50395,3.587267623484481
3,40.22,-2.3699,5.7069,-0.14982,6.181228005210615
3,40.25,-3.0646,9.112,-0.61292,9.633067428726948
3,40.28,-3.4868,10.733,-1.5255,11.387809863621714
3,40.31,-2.6015,11.795,0.040861,12.078555247682605
3,40.34,-2.4108,11.754,5.4754,13.188952869731546
3,40.37,-5.0531,12.258,6.5105,14.770883313465042
3,40.4,-6.2109,12.953,0.8036,14.387538384657743
3,40.43,-8.1177,13.947,-0.8036,16.157401871897594
3,40.46,-8.3493,14.369,-0.10896,16.618990455848994
3,40.49,-4.7126,12.027,-0.88532,12.947629870458917
3,40.52,-1.8387,10.311,-2.7241,10.822118993062311
3,40.55,-2.4517,10.951,-4.5628,12.114222126492482
3,40.583,-2.8739,9.8884,-3.1463,10.767495505455296
3,40.62,-3.3642,6.9328,-1.2667,7.809358896221892
3,40.65,-3.0646,5.2438,0.57205,6.1005288953089964
3,40.68,-2.3427,3.4051,0.95342,4.241692939900294
3,40.71,-0.76274,2.2201,0.34051,2.372037811186828
3,40.74,-0.10896,3.4868,0.19068,3.4937094017676973
3,40.77,-2.6423,6.4016,-2.3018,7.29798020619404
3,40.8,-7.2733,9.0848,-1.2667,11.706366337168848
3,40.83,-7.5457,10.12,1.9886,12.779143885644297
3,40.86,-3.6775,11.141,3.0646,12.125908642654371
3,40.89,-3.7865,11.223,1.9477,12.003618060401623
3,40.925,-4.4811,12.217,-0.040861,13.0129556915914
3,40.96,-5.9385,15.091,-1.0351,16.25039984923448
3,40.998,-4.8216,14.519,-2.261,15.464841045416536
3,41.03,-3.2961,11.414,-2.9556,12.242517819876758
3,41.06,-1.9886,10.46,-0.42223,10.65572184945253
3,41.09,-0.99429,10.569,1.5663,10.730595011186473
3,41.121,0.38137,9.507,1.9886,9.720237756191974
3,41.153,-0.46309,7.2733,0.040861,7.288142071846638
3,41.19,-1.1169,5.8295,-2.4108,6.4064414849431035
3,41.22,-1.1169,4.6718,-2.1112,5.246936848295394
3,41.252,-1.076,4.7126,-0.29965,4.843156499897561
3,41.283,-2.4517,5.8567,-0.081722,6.349680800267365
3,41.32,-5.6252,5.7069,2.4925,8.391909133206818
3,41.35,-5.0123,8.3493,2.833,10.141984558260773
3,41.38,-4.5628,10.229,1.1441,11.258798765854197
3,41.41,-5.5571,12.762,0.72188,13.938117345768044
3,41.443,-6.3607,14.478,0.99429,15.844860399956195
3,41.48,-7.5048,14.015,2.2201,16.052136681762963
3,41.51,-4.7944,11.455,-1.4574,12.503092062366013
3,41.54,-3.9771,10.311,-4.7944,12.046589424812318
3,41.57,-4.1406,10.338,-4.9442,12.184577382904997
3,41.6,-5.3256,9.112,-3.5958,11.149903004062411
3,41.63,-4.9033,8.6898,-1.5663,10.09991438676586
4,24.42,1.5391,11.141,-1.1169,11.302131454730121
4,24.45,0.92618,12.721,-0.95342,12.790256451252258
4,24.48,0.88532,14.438,-0.8036,14.48742242299851
4,24.51,0.38137,13.021,-0.34051,13.03103338714931
4,24.54,2.152,8.8941,0.34051,9.157077365082158
4,24.57,6.2109,6.3607,-0.14982,8.89135700174051
4,24.6,8.9213,7.1643,-1.2667,11.511790350332134
4,24.63,4.3994,9.0439,-0.91256,10.098495597048109
4,24.66,-0.42223,9.2346,0.10896,9.244889810836039
4,24.69,0.040861,8.3901,0.50395,8.405320531295699
4,24.72,1.9205,8.0769,0.53119,8.319062247399042
4,24.75,1.6072,8.2812,0.92618,8.48641117742948
4,24.78,0.040861,8.5808,1.2667,8.67388766075057
4,24.81,-0.69464,8.431,1.185,8.54216077638439
4,24.84,-0.34051,8.6625,1.076,8.73571000606705
4,24.87,0.53119,8.9213,1.3757,9.042361804091895
4,24.9,0.95342,9.0848,1.6481,9.282178319036971
4,24.93,0.84446,9.8066,1.4165,9.944294268654765
4,24.96,1.6481,11.564,0.42223,11.688481842519156
4,24.99,3.1735,14.819,-0.65378,15.169090003635683
4,25.02,2.1793,15.023,-1.1169,15.221279285920746
4,25.05,0.84446,10.27,0.0,10.304659756226792
4,25.08,0.99429,7.5048,0.42223,7.582144407553842
4,25.11,-0.29965,7.246,0.53119,7.271620791721747
4,25.14,-0.69464,6.9736,0.31327,7.015109392055123
4,25.17,0.0,7.0145,-0.61292,7.041227249308177
4,25.2,1.2667,7.8181,-1.9477,8.156025489783612
4,25.23,1.5663,8.9213,-2.7922,9.478357991762076
4,25.26,-0.50395,9.8066,-0.8036,9.852367335950278
4,25.29,-1.4982,9.9973,2.0703,10.318757319561303
4,25.32,-0.081722,10.079,3.1735,10.567119841058112
4,25.35,0.61292,9.9565,2.152,10.204835480124117
4,25.38,0.14982,10.27,0.46309,10.281527045166976
4,25.41,-0.10896,11.373,-1.3348,11.451580341664638
4,25.44,0.53119,13.402,-1.6889,13.518437410666218
4,25.47,1.3348,12.217,-1.1441,12.342841846592705
4,25.5,2.4925,8.3901,-0.19068,8.754581264823578
4,25.53,5.2847,8.431,-0.69464,9.974584694091277
4,25.56,5.094,10.76,-1.5255,12.002232552737844
4,25.59,0.23155,10.801,-0.50395,10.815229170248776
4,25.62,-1.5663,9.0848,1.0351,9.276762298345258
4,25.65,-0.42223,7.7772,1.3076,7.897653814450212
4,25.68,-0.34051,7.5865,0.8036,7.636537321986975
4,25.71,-0.53119,8.0769,0.14982,8.095734831286162
4,25.74,-0.46309,8.1177,-0.081722,8.131308881316954
4,25.77,0.0,7.8589,0.88532,7.90860927802101
4,25.8,0.10896,8.0496,1.4165,8.174007872005019
4,25.83,-0.10896,8.6898,1.4982,8.81867901454634
4,25.86,0.040861,9.9973,0.65378,10.01873770490679
4,25.89,0.69464,12.149,-0.46309,12.177650761854684
4,25.92,0.69464,14.369,-1.0351,14.422971876128718
4,25.95,-1.1169,11.346,-1.0351,11.447733994987829
4,25.98,-1.1169,8.2812,-0.72188,8.38730289094176
4,26.01,0.0,9.616,-0.88532,9.656668550923762
4,26.04,-0.8036,10.651,-1.3348,10.764351582886913
4,26.07,-1.7298,9.5751,-1.757,9.887456551105547
4,26.1,-0.91256,8.8941,-1.9886,9.159274563173659
4,26.13,-0.081722,9.3844,-2.8739,9.814934694397309
4,26.16,0.0,9.0848,-3.2144,9.636698521796767
4,26.19,0.27241,8.6625,-1.8387,8.859680081588726
4,26.22,0.42223,8.5808,-1.1169,8.663479233131456
4,26.25,0.0,8.6217,-1.5255,8.755618832498364
4,26.28,0.31327,9.3436,-1.8796,9.535926552406956
4,26.31,0.8036,10.992,-1.9886,11.199302072897222
4,26.34,0.50395,12.721,-1.8387,12.863072117208237
4,26.37,0.38137,14.601,-1.2667,14.660803967276149
4,26.4,-0.23155,11.959,0.040861,11.961311216744633
4,26.43,1.6889,8.2812,-1.076,8.519884544405517
4,26.46,6.0883,8.6625,-3.1735,11.053388864506667
4,26.49,7.2733,9.616,-2.9829,12.420388130006243
4,26.52,3.1054,9.2346,-0.53119,9.757228558156255
4,26.55,-0.38137,9.003,1.076,9.075088323366336
4,26.59,-1.076,8.7306,0.88532,8.841094042164693
4,26.62,0.84446,8.6898,-0.38137,8.739060579289973
4,26.65,1.0351,8.431,-0.72188,8.52492250665072
4,26.68,0.46309,8.0496,-0.081722,8.063323817966385
4,26.71,0.19068,8.431,0.34051,8.440027661240215
4,26.74,-0.081722,8.9213,0.69464,8.94867570676712
4,26.77,0.0,8.9622,1.076,9.02656107496094
4,26.8,0.57205,8.4719,1.076,8.55909497625187
4,26.83,1.1169,9.2755,0.69464,9.368291764756261
4,26.86,1.2258,11.032,0.34051,11.105113988613533
4,26.89,1.2667,12.953,-0.10896,13.015245298172447
4,26.92,0.8036,14.56,-0.46309,14.589510797422236
4,26.95,-0.38137,11.114,-0.34051,11.125753284025311
4,26.98,-0.34051,8.4991,-0.42223,8.516391609302616
4,27.01,-0.42223,8.8124,-0.8036,8.859031825933352
4,27.04,-0.14982,8.6625,-0.95342,8.716097864228006
4,27.07,-0.19068,7.8589,-0.84446,7.906439196250105
4,27.1,0.31327,7.3141,-1.1169,7.405515681767206
4,27.13,1.2667,7.7364,-1.5255,7.986461300225526
4,27.16,1.4982,8.6898,-0.91256,8.865099719326343
4,27.19,0.84446,9.4661,0.31327,9.50885376869894
4,27.22,0.42223,9.7249,0.57205,9.750856341132302
4,27.25,0.19068,10.338,0.31327,10.344502934182
4,27.28,-0.34051,10.379,-0.14982,10.385664836326079
4,27.31,-0.081722,10.801,-0.19068,10.802992101620921
4,27.34,0.61292,12.367,-0.42223,12.389376017350513
4,27.37,1.2258,14.982,-0.42223,15.037991482006499
4,27.4,-0.84446,14.138,0.23155,14.165089907730906
4,27.43,-1.3757,9.0439,0.72188,9.176371201864058
4,27.46,2.4925,5.7478,-0.69464,6.303355124027203
4,27.49,6.7829,5.6661,-2.5606,9.20158105870942
4,27.52,7.9679,8.1995,-3.337,11.910281258643726
4,27.55,3.6366,9.7249,-1.3757,10.473351424448623
4,27.58,-0.14982,9.4253,0.65378,9.449135114432432
4,27.61,-0.95342,9.1529,1.3076,9.294859109550828
4,27.64,0.8036,9.5342,0.50395,9.581268611332218
4,27.67,1.7298,9.3844,0.42223,9.551829645303563
4,27.7,0.72188,9.1529,1.6889,9.335366749860446
4,27.73,0.19068,8.9213,2.0703,9.160354504188144
4,27.76,0.84446,8.7306,1.9205,8.979131879062699
4,27.79,1.7979,8.4991,1.5663,8.827255570674275
4,27.82,2.3018,8.6217,0.92618,8.971610976987355
4,27.85,1.7979,9.7658,0.34051,9.935755688929756
4,27.88,0.92618,13.525,-0.69464,13.574459809583583
4,27.91,-0.34051,16.086,-1.185,16.133182205011504
4,27.94,0.61292,10.651,-0.14982,10.669672814046361
4,27.97,2.6015,6.4424,-0.29965,6.954287176447346
4,28.0,-0.88532,7.3958,-0.95342,7.509371401042833
4,28.03,-2.9829,9.7249,-1.4574,10.275961618262302
4,28.06,-1.4165,10.338,-0.84446,10.468707128466246
4,28.09,-0.29965,9.003,0.34051,9.014418793388735
4,28.12,-1.076,8.7306,1.6481,8.949714295439827
4,28.15,-1.185,8.6217,1.3757,8.810816442305446
4,28.18,-0.34051,8.7715,-0.27241,8.782332635365163
4,28.21,-0.42223,9.1529,-0.69464,9.18892710344902
4,28.24,-0.50395,9.1937,0.53119,9.222811290956788
4,28.27,-0.72188,9.0439,0.72188,9.101337741167505
4,28.3,-1.185,8.54,-0.081722,8.622209895687067
4,28.33,-1.076,8.8532,-0.84446,8.958238606534211
4,28.36,-1.0351,10.147,-0.29965,10.204059541795118
4,28.39,-1.3757,12.681,1.3348,12.825053704760847
4,28.42,-0.99429,13.866,2.4925,14.123283076328251
4,28.45,0.8036,10.229,2.833,10.644440002179541
4,28.48,2.9148,8.3084,1.6481,8.957778921697052
4,28.51,2.152,8.8532,1.7979,9.286694710713817
4,28.54,0.31327,9.9973,2.9829,10.4375206726933
4,28.57,0.081722,9.8066,2.8739,10.21936315311693
4,28.6,-0.27241,8.4719,1.9205,8.69112288879291
4,28.63,-0.10896,7.5457,0.95342,7.606475561519934
4,28.66,0.50395,7.6683,0.42223,7.6964322036512485
4,28.69,0.76274,8.1995,0.46309,8.247910335697158
4,28.72,0.88532,8.9622,1.1441,9.078203850564273
4,28.75,0.69464,9.5342,1.9477,9.755871547924357
4,28.78,0.31327,9.5751,2.7241,9.959989905260949
4,28.81,0.081722,8.9213,2.9148,9.385751499761968
4,28.84,-0.14982,8.3901,1.757,8.573404985325258
4,28.87,-0.040861,9.3844,0.42223,9.393982709917077
4,28.9,0.84446,10.992,-0.040861,11.02446580623846
4,28.931,0.8036,13.103,0.50395,13.13728844025661
4,28.96,-0.38137,13.866,0.99429,13.906833272927377
4,28.99,1.076,10.501,1.6481,10.683866837900966
4,29.02,2.0294,8.6625,0.31327,8.902556301585518
4,29.05,-0.38137,9.507,-0.57205,9.53182738405391
4,29.08,-0.65378,9.9973,-0.38137,10.025910365413207
4,29.11,0.040861,9.003,0.081722,9.003463617220042
4,29.14,0.10896,8.1586,0.27241,8.163873679185636
4,29.17,-0.081722,8.6625,0.19068,8.664983762113117
4,29.2,0.38137,8.7306,0.72188,8.768690333869706
4,29.23,0.46309,8.1995,1.1441,8.291876591465892
4,29.26,0.040861,8.1177,0.34051,8.124941228797965
4,29.29,0.0,8.54,-0.65378,8.564988516536376
4,29.32,-0.23155,9.3027,-0.57205,9.323147746067312
4,29.35,-1.1441,10.27,0.50395,10.345812216181965
4,29.38,-1.3348,11.877,0.95342,11.98973851826636
4,29.41,-0.8036,14.247,0.84446,14.294610685555588
4,29.44,-0.27241,13.184,1.6072,13.2843951705789
4,29.47,1.2258,10.46,0.92618,10.572227534081927
4,29.5,3.1463,8.3493,-0.19068,8.924481667996185
4,29.53,5.2166,7.6955,-0.081722,9.297328341802498
4,29.56,4.3994,8.6217,1.5391,9.800880575744202
4,29.59,0.10896,9.5751,2.1793,9.820578434165679
4,29.62,-1.757,9.0848,1.3348,9.348921385913991
4,29.65,-0.14982,8.2812,0.46309,8.29549105360858
4,29.68,1.3757,8.1586,0.10896,8.274489514864346
4,29.71,0.38137,8.6898,0.65378,8.722700006609191
4,29.74,-0.040861,8.8532,1.5391,8.986080829333831
4,29.77,0.65378,8.7306,2.1793,9.02220334166771
4,29.8,0.31327,8.7306,1.9205,8.944821669709242
4,29.83,0.14982,8.7715,1.4165,8.886401438850262
4,29.86,0.50395,8.8532,1.3757,8.973609437261018
4,29.89,0.38137,9.616,1.3076,9.71198830502282
4,29.92,0.23155,11.141,0.84446,11.175357224451485
4,29.95,1.076,12.912,0.14982,12.957621928131722
4,29.98,1.9205,14.601,0.23155,14.728582302872875
4,30.01,2.152,12.531,1.185,12.769545410859386
4,30.04,2.0294,8.1586,1.6889,8.575173556844199
4,30.07,0.14982,7.0826,0.34051,7.092363206470746
4,30.101,-0.61292,8.9213,-0.99429,8.997437258491999
4,30.13,0.50395,10.229,-1.5663,10.36048755090705
4,30.16,1.076,9.112,-0.99429,9.229026633621771
4,30.19,0.72188,8.0088,0.42223,8.052345394187958
4,30.22,0.8036,7.927,0.88532,8.016663486912744
4,30.25,1.3757,8.0088,0.34051,8.133226603882374
4,30.28,1.6481,8.0769,-0.19068,8.245538556237548
4,30.31,1.0351,8.431,-0.29965,8.499587233066086
4,30.34,0.46309,9.0439,-0.19068,9.057755705499018
4,30.37,0.72188,9.7658,-0.27241,9.79623231566606
4,30.4,0.76274,10.951,-0.040861,10.977606429860792
4,30.43,0.23155,12.449,0.42223,12.458310261644634
4,30.46,-0.14982,14.097,0.72188,14.116265999434836
4,30.49,-0.38137,12.912,0.72188,12.937785661051121
4,30.52,1.2258,9.8475,0.69464,9.947781994977575
4,30.55,3.4868,7.5865,-0.14982,8.35076059544279
4,30.58,4.9033,7.8862,-0.53119,9.301433445770602
4,30.61,3.3778,9.8475,0.14982,10.411783474621435
4,30.64,0.8036,9.9973,1.4165,10.12907954850785
4,30.67,0.38137,8.4991,1.6889,8.67366860658741
4,30.7,0.84446,7.8862,0.57205,7.951886841127708
4,30.73,0.46309,8.0769,0.0,8.090164767055118
4,30.76,-0.081722,8.3901,0.69464,8.41920312291395
4,30.79,0.081722,8.431,0.99429,8.48982049806614
4,30.82,0.61292,8.3084,1.2667,8.426725958306703
4,30.85,0.72188,8.2403,1.7298,8.450790665044305
4,30.88,0.23155,8.4719,1.8387,8.672227090113589
4,30.91,0.081722,9.3027,1.3348,9.398329469394227
4,30.94,0.31327,10.61,0.72188,10.639142297539777
4,30.97,0.99429,11.754,0.57205,11.809842073736634
4,31.0,1.6889,13.144,1.2667,13.312462135157418
4,31.03,0.57205,14.792,1.185,14.850411785620626
4,31.06,0.19068,12.599,0.88532,12.63150629833196
4,31.09,1.3757,8.3493,0.31327,8.467673769867377
4,31.12,0.42223,7.7364,-0.91256,7.801469661961136
4,31.15,-0.46309,8.9213,-1.4165,9.044916709848687
4,31.18,0.69464,9.5751,-1.6481,9.740703175315426
4,31.21,1.5663,8.4719,-1.1441,8.691107530689056
4,31.24,1.3348,7.3141,0.19068,7.4373455420869075
4,31.27,0.69464,7.3141,0.76274,7.386498212766317
4,31.3,0.84446,8.1177,0.14982,8.162880129831626
4,31.33,1.1441,9.1529,-0.84446,9.262702408671025
4,31.36,1.1169,9.4661,-0.29965,9.536472353155544
4,31.39,0.65378,9.4253,0.92618,9.493235368977217
4,31.42,0.27241,9.5751,0.69464,9.604127859816321
4,31.46,0.53119,10.651,-0.50395,10.676138319570423
4,31.49,0.19068,11.918,0.040861,11.919595315434202
4,31.52,-0.081722,13.334,1.0351,13.374366022181537
4,31.55,0.27241,13.443,0.92618,13.477620917673118
4,31.58,1.1169,10.951,0.42223,11.015904174551448
4,31.61,2.8739,8.2403,-0.14982,8.728361319995868
4,31.64,4.6309,7.5457,-0.34051,8.859953180468844
4,31.67,4.2087,8.8532,0.10896,9.803273851708928
4,31.7,0.69464,10.038,1.1169,10.123805329005494
4,31.73,-1.4165,9.1937,1.6889,9.454256985612354
4,31.76,-0.53119,7.3141,1.1169,7.41793011803832
4,31.79,0.38137,6.5922,0.50395,6.622424746224
4,31.82,0.31327,7.1234,0.8036,7.175426023094379
4,31.85,-0.081722,8.0769,0.99429,8.138280205263516
4,31.88,0.42223,8.2812,0.95342,8.346589801188268
4,31.91,1.5663,8.3493,1.185,8.577198329291447
4,31.94,1.9477,8.8941,1.6889,9.260179982592131
4,31.97,1.1441,9.5342,1.7298,9.757158525410972
4,32.0,0.50395,10.311,1.2667,10.400731488337732
4,32.03,0.84446,11.536,0.61292,11.583094561385572
4,32.06,0.8036,12.34,0.69464,12.385632712526235
4,32.09,0.99429,13.212,1.757,13.365350934565841
4,32.12,1.1441,13.947,1.3757,14.061305924415413
4,32.15,0.69464,11.727,0.57205,11.76147503215902
4,32.18,0.69464,8.8124,-0.57205,8.858225538565836
4,32.21,0.10896,8.2812,-1.2667,8.378226221080451
4,32.24,-0.42223,9.4661,-1.757,9.637031513017897
4,32.27,0.081722,9.5751,-1.8796,9.758181933909821
4,32.3,1.2667,8.0496,-0.69464,8.178209692811746
4,32.33,1.5663,6.9328,0.42223,7.120062478862106
4,32.36,1.185,7.2052,0.50395,7.319364565486542
4,32.39,1.0351,7.927,0.14982,7.995699284140193
4,32.42,0.92618,8.431,0.34051,8.488552141119238
4,32.45,0.14982,8.8124,0.61292,8.834959576523257
4,32.49,-0.46309,9.2346,0.38137,9.254065732692847
4,32.52,0.040861,10.42,0.19068,10.421824623535025
4,32.55,0.53119,12.027,0.57205,12.052308202937725
4,32.58,-0.081722,12.79,1.2258,12.848866258362408
4,32.61,-0.040861,13.675,1.2258,13.729890030925995
4,32.64,1.076,13.525,0.10896,13.568171331524377
4,32.67,1.4165,9.8475,-0.10896,9.949452285507983
4,32.7,3.0646,7.6274,-0.69464,8.249335042874668
4,32.73,5.2166,8.431,-1.5663,10.037328940011879
4,32.76,5.1757,9.616,-1.6481,11.044073528368054
4,32.79,2.1793,9.3844,-0.23155,9.636904443466273
4,32.82,-0.61292,8.3084,1.4574,8.457493496680916
4,32.85,-1.3076,7.246,1.7979,7.579365288069972
4,32.88,-0.34051,6.5514,0.99429,6.635164023910788
4,32.91,0.10896,6.6604,0.19068,6.664019755672998
4,32.94,0.040861,7.0145,0.19068,7.017210181669137
4,32.97,0.53119,7.8181,0.61292,7.8600586099914045
4,33.0,1.4165,8.6625,1.9205,8.985193306212171
4,33.03,1.3348,9.7249,2.6423,10.165486724205586
4,33.06,0.76274,11.141,2.0294,11.349983157150499
4,33.09,1.8387,12.299,0.57205,12.448833675991498
4,33.12,3.5958,13.443,0.57205,13.927356814647206
4,33.15,1.4982,15.05,0.99429,15.157035193074536
4,33.18,-0.23155,12.79,0.50395,12.802018630083303
4,33.21,1.0351,8.9213,-0.040861,8.981241301809066
4,33.24,1.757,8.6217,-1.3757,8.905802062700474
4,33.27,-0.081722,10.338,-2.1112,10.551686496730463
4,33.3,-0.84446,10.529,-2.2201,10.793599849058701
4,33.33,0.34051,8.8941,-0.65378,8.924594677546986
4,33.36,1.3076,7.1234,0.42223,7.254717326877733
4,33.39,1.5391,6.279,0.69464,6.502091551154905
4,33.42,1.6889,6.0474,0.65378,6.31275361933285
5,15.56,2.7649,3.1735,0.31327,4.220653071848005
5,15.59,2.1793,3.1463,0.72188,3.8948251455488987
5,15.62,2.5334,3.909,0.57205,4.693147958726637
5,15.65,3.1054,5.598,0.27241,6.407442576262389
5,15.68,3.337,8.0769,0.69464,8.766664550420531
5,15.71,3.3778,10.147,1.757,10.837813010012676
5,15.74,2.3427,10.883,1.5663,11.241940578921417
5,15.77,0.57205,10.883,1.7298,11.034452330881672
5,15.8,0.38137,12.531,3.2144,12.942324808043569
5,15.83,2.9829,12.149,4.985,13.466481292824788
5,15.86,4.2495,11.346,2.5334,12.377725227601395
5,15.89,8.2403,12.408,-0.27241,14.897490234871778
5,15.92,9.8475,13.375,-3.0237,16.882139761890375
5,15.95,6.5514,11.032,-4.5628,13.617819568491866
5,15.98,3.8682,9.4253,-4.0589,10.966946728237536
5,16.01,3.5685,9.5751,-3.6366,10.846270871594532
5,16.04,3.9499,9.8066,-2.7241,10.917501288298528
5,16.07,4.6037,8.4991,-1.185,9.738222604767259
5,16.1,4.4402,6.3607,0.34051,7.764652444900544
5,16.13,3.7592,4.7126,1.4574,6.201951157498743
5,16.16,2.9148,4.522,2.7649,6.048901970605905
5,16.19,1.9886,5.2847,3.1054,6.444074270987261
5,16.22,2.1112,5.6252,1.8387,6.283379518221067
5,16.25,2.5606,5.9793,0.34051,6.51342059981543
5,16.28,3.5277,6.8238,-0.69464,7.713069328069079
5,16.31,4.985,9.3027,-1.3076,10.634861073375617
5,16.34,5.9385,11.373,-1.7979,12.955437300994513
5,16.37,6.0474,10.12,0.69464,11.809655858220424
5,16.4,6.1292,9.507,3.4868,11.836718965997292
5,16.43,6.3607,10.801,3.1054,12.913698720738378
5,16.46,9.003,12.83,0.72188,15.690252379563562
5,16.49,8.2403,11.727,-0.99429,14.36710429049988
5,16.52,6.279,9.9156,-0.10896,11.736985841416015
5,16.55,6.7421,7.9679,-1.9477,10.61776238715107
5,16.58,6.3607,6.2109,-2.9148,9.355738471120278
5,16.61,6.9736,5.1349,-1.9477,8.876476229901142
5,16.64,5.7478,5.094,-0.69464,7.711586449596477
5,16.67,3.5685,5.3664,0.38137,6.45584109833103
5,16.7,2.4925,5.4073,0.53119,5.977759810840513
5,16.73,1.6481,5.7478,0.34051,5.98910556845511
5,16.76,1.3348,6.5514,0.42223,6.699314231538927
5,16.79,1.6481,7.6683,0.42223,7.854765220737027
5,16.82,1.9886,9.1529,0.57205,9.383887764274466
5,16.85,1.9886,9.8066,1.3076,10.091271043827929
5,16.88,2.3018,10.188,2.4108,10.719402216541743
5,16.91,3.9499,11.114,4.0997,12.487203293772389
5,16.94,4.7126,10.992,3.2144,12.384063554423484
5,16.97,3.6366,11.836,0.88532,12.413683863479044
5,17.0,5.6661,12.98,-0.50395,14.171769642938033
5,17.03,7.355,12.953,-2.4108,15.089340298369574
5,17.06,5.4754,11.223,-3.1054,12.86775984078037
5,17.09,3.4868,10.147,-2.833,11.097083952102013
5,17.12,2.6832,9.9156,-2.4517,10.560753689486372
5,17.15,3.6366,9.8884,-2.0703,10.737385911384576
5,17.18,4.7535,8.7306,-1.5255,10.057151130414617
5,17.21,4.4811,7.2733,-0.72188,8.57334595326702
5,17.24,3.2961,5.4754,0.50395,6.410791368661126
5,17.27,2.0703,4.1406,1.6481,4.913954014843851
5,17.3,1.7979,3.8682,2.1112,4.759472774373228
5,17.33,2.1112,4.1406,1.3348,4.835641099171856
5,17.36,3.1054,5.2438,0.14982,6.0961786089648
5,17.39,4.522,7.0553,-1.1441,8.457819275676208
5,17.42,5.598,10.27,-1.3348,11.772518636213746
5,17.45,5.3256,11.918,0.081722,13.054019221882736
5,17.48,5.1349,10.229,1.8796,11.59881611070716
5,17.51,4.5628,9.3844,3.5277,11.015024942777025
5,17.54,4.8625,11.346,3.1735,12.745458975650896
5,17.57,8.431,11.877,0.95342,14.596365975694086
5,17.6,8.2812,10.801,1.4165,13.683798693710749
5,17.63,6.7421,9.6977,1.9477,11.970581982092598
5,17.66,6.3607,8.431,-0.46309,10.571410399662856
5,17.69,4.6309,6.5105,-2.4108,8.345286196410521
5,17.72,4.6309,6.3607,-2.5606,8.274080713892026
5,17.75,3.6366,7.8862,-0.8036,8.721397993441188
5,17.78,2.3018,7.355,0.69464,7.738012210484034
5,17.81,1.5391,6.2109,1.076,6.488596429120861
5,17.84,1.185,6.0202,0.38137,6.14755854928605
5,17.87,1.076,6.9736,1.0351,7.13164111337636
5,17.9,1.7979,8.1177,2.1112,8.5782669077151
5,17.93,2.5606,9.0848,2.4517,9.75197909606045
5,17.96,2.833,8.6217,2.152,9.326880715973589
5,17.99,3.0237,8.4719,2.1112,9.239751984766691
5,18.02,3.2144,9.5751,1.7298,10.247297956534688
5,18.101,7.1643,15.05,-2.0294,16.79131200502212
5,18.13,5.9385,13.566,-1.9205,14.932865046601071
5,18.161,3.7865,11.455,-0.99429,12.105503700965938
5,18.19,1.076,10.27,0.081722,10.326536422503143
5,18.266,1.757,10.27,0.31327,10.423918989175808
5,18.3,2.6832,9.9565,0.42223,10.320355258560626
5,18.33,2.3018,12.49,0.8036,12.72572812062241
5,18.36,3.4459,13.525,1.6889,14.058884558171748
5,18.392,4.6037,13.293,1.076,14.108709320487115
5,18.42,5.5162,12.681,-0.10896,13.829247836437093
5,18.45,6.0883,11.536,-1.3757,13.116373103110478
5,18.48,5.0531,9.8066,-1.8796,11.190894483016091
5,18.511,4.1814,8.431,-1.7298,9.568598382208336
5,18.54,3.5958,8.1177,-1.4982,9.003967690412932
5,18.57,3.1054,8.6217,-1.9205,9.362987787026105
5,18.6,3.1054,9.2346,-2.3018,10.010975454969412
5,18.63,3.6366,8.431,-1.4982,9.303291019848835
5,18.66,3.8682,6.2381,-0.42223,7.352220142439969
5,18.69,3.1463,4.6037,0.65378,5.614328603528653
5,18.72,2.1793,4.018,0.92618,4.663848398307989
5,18.75,1.757,4.5628,0.61292,4.927663114134326
5,18.78,2.2201,6.2381,-0.081722,6.621889013361972
5,18.81,3.4051,8.1177,-0.53119,8.818952438702683
5,18.84,4.1406,9.9565,-0.72188,10.807292507580241
5,18.87,4.3721,12.108,-0.34051,12.87768882486683
5,18.9,5.0123,13.797,0.65378,14.693801025548154
5,18.93,5.5571,14.015,2.6423,15.306316823455603
5,18.96,5.8567,13.334,3.2961,14.93187081714813
5,18.99,6.0474,11.605,0.46309,13.094331754927397
5,19.02,4.9033,9.0439,-1.2667,10.365278915205321
5,19.05,4.8216,7.2733,-2.3427,9.035317522920819
5,19.08,6.851,7.0145,-3.7184,10.486463169725052
5,19.11,8.3901,6.1292,-4.522,11.331785148422115
5,19.14,8.6625,4.6037,-2.7922,10.199477475831788
5,19.17,7.0145,4.3721,-0.34051,8.272509638561928
5,19.2,4.1814,5.6661,0.92618,7.102577318297915
5,19.23,2.6423,5.7886,0.57205,6.388809001097153
5,19.26,1.3076,6.279,-0.29965,6.420704702951227
5,19.291,0.57205,7.3958,0.27241,7.422890680226942
5,19.324,2.7649,7.1234,1.7979,7.849837194490087
5,19.36,3.5277,8.1177,2.1112,9.099389321267664
5,19.39,2.3427,10.76,1.6072,11.128743645623256
5,19.421,2.7649,12.027,1.6072,12.444938442997618
5,19.45,4.018,13.103,1.3348,13.77006260116489
5,19.48,4.3994,13.103,1.2667,13.879764344181064
5,19.51,4.2904,12.217,1.3348,13.01707771352695
5,19.54,5.8567,11.496,-0.50395,12.911735611160104
5,19.57,6.9736,9.6977,-2.6015,12.224740672096074
5,19.6,5.8976,7.6955,-3.1463,10.193213904358133
5,19.63,4.9033,7.0553,-2.7513,9.021599673561225
5,19.66,3.6366,7.246,-2.7922,8.574716111918809
5,19.69,2.6832,7.8862,-2.4517,8.683463915396896
5,19.72,2.7922,7.9679,-1.4165,8.560974448040364
5,19.75,3.2553,6.8238,-0.42223,7.572285170468688
5,19.78,3.1054,5.4754,0.65378,6.328581405686427
5,19.81,2.6015,4.9442,0.99429,5.674639062892019
5,19.84,2.2201,5.8295,0.61292,6.2679809497476935
5,19.87,2.6015,7.0826,0.19068,7.547674070361015
5,19.9,3.2553,8.5808,-0.14982,9.178755512726113
5,19.93,3.337,9.9973,-0.14982,10.54058927775862
5,19.96,3.6775,11.564,0.27241,12.13772258119702
5,19.99,4.7126,13.184,0.95342,14.033369675754999
5,20.02,5.3664,13.825,2.5334,15.044832651777817
5,20.05,5.5571,12.953,2.3427,14.288100388085184
5,20.08,6.17,11.182,-0.27241,12.774201783598848
5,20.11,5.1757,8.1995,-2.0294,9.906469355931003
5,20.14,4.8625,6.4697,-2.1112,8.364095275640993
5,20.17,6.3198,6.3607,-2.3427,9.267503429726908
5,20.2,7.6683,6.2381,-2.9148,10.305958254330356
5,20.23,7.5457,5.9385,-1.7979,9.76912560826198
5,20.26,5.2438,6.7012,-0.57205,8.52823317472617
5,20.29,2.3427,7.464,-0.61292,7.846987333773389
5,20.33,-0.23155,8.1586,0.10896,8.162612427654519
5,20.37,1.7298,6.0883,1.9205,6.614221434152323
5,20.4,3.2553,5.7478,1.9886,6.8984572833351665
5,20.43,2.5606,7.6274,1.0351,8.112048762797224
5,20.46,2.1112,9.0848,0.95342,9.375487516732129
5,20.49,1.6889,10.229,0.88532,10.405220598930136
5,20.52,2.6423,11.795,1.1441,12.141364795606794
5,20.55,4.2087,13.103,1.4574,13.83928392114274
5,20.58,4.5628,13.184,1.6481,14.048246632587285
5,20.61,4.1406,12.912,0.95342,13.593135107707862
5,20.64,5.0531,12.149,-0.69464,13.176287236532147
5,20.67,5.6661,10.188,-1.8796,11.808172143477584
5,20.7,5.1349,8.7306,-2.5334,10.440722672784677
5,20.73,3.7184,8.0769,-2.833,9.332132723552533
5,20.76,2.3427,8.3901,-2.7513,9.135188722188502
5,20.79,2.4517,8.7306,-1.9205,9.269440624978404
5,20.82,3.2553,7.6274,-0.91256,8.34307944368265
5,20.85,3.5685,5.8976,0.42223,6.906095581651038
5,20.88,3.2961,4.6309,1.5663,5.895999127374426
5,20.91,2.3427,4.7126,1.6481,5.514805133456666
5,20.94,1.3757,5.8567,0.84446,6.075080087669627
5,20.97,1.185,7.0145,0.10896,7.114724698229721
5,21.0,1.6889,7.6683,0.040861,7.852189358473279
5,21.03,2.7922,9.8066,0.53119,10.210188402576124
5,21.06,3.5277,12.49,0.42223,12.985493654955903
5,21.09,4.7535,14.369,1.3348,15.193604387702083
5,21.12,5.4754,14.369,3.9908,15.886303874721772
5,21.15,5.1757,12.177,4.7126,14.045490317180102
5,21.18,5.3664,11.346,0.99429,12.590416099720454
5,21.21,4.1814,9.5751,-1.9886,10.635843921852183
5,21.24,4.018,7.355,-2.5334,8.755481971884816
5,21.27,6.3198,7.4367,-3.2144,10.27505456384539
5,21.3,9.1937,7.3958,-4.5628,12.650735993213992
5,21.33,9.8475,6.279,-3.2144,12.113276378007727
5,21.362,7.2052,5.6661,-0.65378,9.189506218421096
5,21.4,3.8682,6.2381,0.8036,7.383944461465023
5,21.43,0.53119,6.4424,0.10896,6.465180032891582
5,21.46,-1.4165,7.7772,0.31327,7.911349453974334
5,21.49,0.34051,7.1643,1.7298,7.3780315525280855
5,21.63,4.3721,12.721,0.76274,13.472968185132778
5,21.67,6.8238,11.564,-1.076,13.470267942398177
5,21.7,6.279,8.8532,-2.5606,11.151756076959359
5,21.73,5.2438,7.7364,-2.5334,9.683358867665703
5,21.76,4.5628,7.246,-2.1793,8.835893182355704
5,21.79,4.2087,6.9736,-2.1384,8.421223617147332
5,21.82,4.4402,7.5048,-2.3018,9.018629736273688
5,21.85,3.7865,6.2109,-1.5663,7.440843819755928
5,21.88,3.1054,4.5628,-0.10896,5.520373654165088
5,21.91,3.5958,4.2087,0.95342,5.617111626663654
5,21.95,3.7865,4.7944,0.57205,6.136048794827174
5,21.98,2.833,6.5922,0.27241,7.180334048503593
5,22.01,2.6015,8.3084,0.081722,8.7065487591401
5,22.04,2.5334,9.5342,0.34051,9.870918511470956
5,22.07,3.0237,10.529,1.185,11.018476650154502
5,22.1,4.3313,12.027,0.92618,12.816657055660027
5,22.14,5.1349,13.525,0.88532,14.494019956947762
5,22.17,4.8625,13.184,1.4574,14.12748303874402
5,22.2,5.2847,12.408,0.53119,13.49698784566764
5,22.23,4.8625,10.27,-0.61292,11.379476138047831
5,22.26,3.8273,8.0088,-1.3076,8.972119063521172
5,22.29,5.5571,7.6274,-2.6015,9.789095638515338
5,22.32,8.4991,7.246,-4.7535,12.138162095638698
5,22.35,9.5751,6.5105,-2.0703,11.762452650276643
5,22.38,7.3958,5.8976,1.7298,9.616223345991918
5,22.41,4.3313,5.9793,2.152,7.690467617772017
5,22.44,2.4925,5.1757,1.7298,5.999386200270824
5,22.47,1.2258,4.5628,1.2258,4.8810157877228795
5,22.5,1.1169,5.5162,0.31327,5.63684895512555
5,22.53,0.95342,7.6683,0.8036,7.7690158673026275
5,22.56,1.7298,8.7715,1.6481,9.09107550843133
5,22.59,3.2961,8.8532,2.6015,9.798531915547349
5,22.625,3.909,9.3436,2.3427,10.39573880250942
5,22.66,4.7535,11.496,1.6481,12.54870558503944
5,22.69,5.5571,13.593,1.5391,14.7654948518497
5,22.72,4.6718,13.402,2.1793,14.359271142018315
5,22.75,4.6309,12.599,1.4574,13.502001724559214
5,22.78,6.0883,12.177,-0.84446,13.640375309411395
5,22.81,5.3256,10.038,-1.9205,11.524399316667225
5,22.84,3.6366,7.6955,-1.6072,8.661909238152983
5,22.87,2.7649,6.2381,-1.8796,7.0775320401959325
5,22.9,3.0646,6.279,-2.1112,7.298957432400877
5,22.93,3.5277,7.0553,-1.6889,8.06686485507226
5,22.96,3.4051,6.7012,-0.76274,7.555300110359615
5,22.99,3.5277,5.6252,0.84446,6.693329143378503
5,23.02,3.4459,4.9442,1.6072,6.237181437957373
5,23.05,2.7922,6.1292,0.31327,6.742522641630504
5,23.08,2.9829,7.5457,-1.1441,8.194159243632015
5,23.11,3.2144,8.54,-0.84446,9.163900918910024
5,23.14,2.7241,9.0848,0.31327,9.489596932583597
5,23.17,2.7922,9.8066,0.72188,10.221883150104974
5,23.2,4.1814,11.373,0.14982,12.118237536556213
5,23.23,4.9442,12.98,0.19068,13.891071683005599
5,23.26,4.3994,13.675,1.8387,14.482443269352032
5,23.29,4.3313,13.293,1.9205,14.1121341029626
5,23.32,4.985,11.414,0.53119,12.466426264816231
5,23.35,5.6252,9.003,-0.88532,10.652730895990944
5,23.38,5.6661,7.6683,-2.3699,9.824659796145616
5,23.41,7.2733,7.1234,-3.4868,10.761110290764611
5,23.44,9.003,6.0474,-3.1463,11.292663966044506
5,23.47,8.54,4.9442,-0.84446,9.904030812330907
5,23.5,5.7886,5.4345,0.8036,7.980441915708679
5,23.53,3.5277,6.17,0.84446,7.1572816055818285
5,23.56,1.1441,7.0145,0.23155,7.110962695901308
5,23.59,0.27241,7.0826,0.50395,7.10572977044582
5,23.62,0.46309,6.8919,0.61292,6.934580656716021
5,23.65,1.8796,6.7421,0.92618,7.060213733478611
5,23.68,3.4051,7.0145,1.2258,7.893066698058493
5,23.71,3.4051,8.54,1.3076,9.286340709342943
5,23.74,3.7865,9.8475,1.185,10.616735067806863
5,23.77,4.8625,11.795,0.8036,12.783258747674632
5,23.8,5.1349,13.212,0.72188,14.193141045744596
5,23.83,4.3721,12.871,1.5663,13.68324505006031
5,23.86,4.0589,11.727,1.4165,12.490142931928363
5,23.891,5.9385,11.264,-0.61292,12.748299854349206
5,23.92,6.9736,10.529,-2.7922,12.933959904066503
5,23.95,5.8976,8.7306,-3.3642,11.059968524367509
5,23.98,4.1814,7.7364,-2.7922,9.226720531152983
5,24.01,3.5685,7.7772,-2.3427,8.87171208843028
5,24.04,3.5277,7.8181,-1.6481,8.734047659018126
5,24.07,3.5277,7.0826,-1.4982,8.053104574634554
5,24.1,3.4051,5.7886,-0.91256,6.777563111000885
5,24.13,2.833,4.6309,0.23155,5.433667197436736
5,24.16,2.3018,4.9442,0.27241,5.460549797236538
5,24.19,2.3018,6.3607,-0.61292,6.792087945278682
5,24.22,3.0646,7.2733,-1.185,7.981033206922522
5,24.251,3.5685,7.927,-0.65378,8.717737638768442
5,24.28,3.2961,8.9213,0.19068,9.512635163949053
5,24.31,2.5606,10.229,0.57205,10.560130423555384
5,24.34,2.7649,11.877,0.76274,12.218411243594643
5,24.37,3.4051,14.097,1.076,14.54227942964926
5,24.4,3.8273,15.323,1.757,15.891180047120478
5,24.43,4.985,14.097,0.92618,14.981102876370617
5,24.46,5.2166,11.141,-0.27241,12.304836600625789
5,24.49,5.0531,8.6898,-1.4574,10.157285976578585
5,24.52,6.0202,7.0826,-3.5685,9.9569183510763
5,24.55,8.0496,6.0474,-5.5162,11.480225144133716
5,24.58,10.038,5.5162,-4.3721,12.25990068679188
5,24.61,9.9973,5.0123,-1.4574,11.277995093987228
5,24.64,7.7772,5.3664,0.14982,9.45016057177866
5,24.67,5.3256,5.8295,0.0,7.8958904254048505
5,24.7,3.6366,6.17,-1.185,7.259337749409377
5,24.73,1.1441,7.4367,-1.1441,7.610679109645867
5,24.76,0.040861,7.3958,0.10896,7.396715456398265
5,24.79,0.19068,6.8919,0.69464,6.929442199917681
5,24.82,2.3018,6.5514,1.4574,7.0952899842078345
